:020000040800F2
:10000000101F0020B1010008C32500085F2300086D
:10001000C1250008CD0E0008E12B000800000000FB
:10002000000000000000000000000000552600084D
:10003000CF0E000800000000C5250008A928000810
:10004000CB010008CB010008CB010008CB01000860
:10005000CB010008CB010008CB010008CB01000850
:10006000CB010008CB010008CB010008CB01000840
:10007000CB010008CB010008CB010008CB01000830
:10008000CB010008CB010008CB01000800000000F4
:10009000000000000000000000000000D30E000877
:1000A000CB0100084D290008CB010008CB01000856
:1000B000CB010008CB010008CB010008CB010008F0
:1000C000CB010008CB010008CB010008CB010008E0
:1000D000CB010008CB010008CB01000800000000A4
:1000E000CB010008CB010008CB0100080000000094
:1000F000000000000000000000000000CB0100082C
:1001000000000000CB010008CB010008CB01000873
:1001100000000000000000000000000000000000DF
:10012000CB010008CB010008CB010008CB0100087F
:10013000CB010008000000000000000000000000EB
:10014000000000000000000000000000CB010008DB
:10015000CB010008CB010008CB010008CB0100084F
:10016000CB010008CB0100080000000000000000E7
:10017000000000000000000000000000000000007F
:1001800000000000CB01000800000000000000009B
:10019000CB010008CB010008DFF810D000F0A4FB71
:1001A00000480047E5C60008AFF30080101F00209C
:1001B0000648804706480047FEE7FEE7FEE7FEE701
:1001C000FEE7FEE7FEE7FEE7FEE7FEE73D29000863
:1001D000990100082DE9F05F0546002092469B46F4
:1001E00088460646814640241BE02846414647464D
:1001F000224600F020F853465A46C01A914110D3C7
:1002000011461846224600F069FA2D1A67EB0108DC
:100210004F4622460120002100F060FA17EB00094A
:100220004E41201EA4F10104DFDC484631462A4637
:100230004346BDE8F09F202A04DB203A21FA02F071
:100240000021704721FA02F3D040C2F12002914010
:1002500008431946704740EA01039B0703D009E0B1
:1002600008C9121F08C0042AFAD203E011F8013BA2
:1002700000F8013B521EF9D27047D2B201E000F8FB
:10028000012B491EFBD270470022F6E710B513463A
:100290000A4604461946FFF7F0FF204610BD2DE937
:1002A000FE4F804681EA0300C00F0C46009021F00B
:1002B000004123F00045B8EB0200A94105D24046B9
:1002C000214690461C460B46024623F00040104350
:1002D00047D0270DC7F30A00C3F30A510290401A12
:1002E000019040286BDAC3F3130040F4801B0098A0
:1002F000924620B10023D2EB030A63EB0B0B01986B
:100300005946C0F14002504600F0E8F906460D4655
:1003100050465946019A00F0F0F910EB080061418F
:10032000002487EA115284EAE7731A4340D0009A06
:1003300062B3019A012A4FEA075215DC001B61EBF8
:1003400002014FF0004202EA0752CDE90042001CD0
:1003500041F5801132462B4600F05FFA03B0BDE84C
:10036000F08F40462146F9E7001B61EB0201001CBB
:1003700041F5801300185B412018A2F5001747EBE8
:10038000030140EAD570B6196D4111E06D084FEADE
:10039000360645EAC0754FEA0752001B61EB0201C1
:1003A000001C41F5801149084FEA30000019514105
:1003B00032462B4603B0BDE8F04F00F01FBA00985C
:1003C000012240000023D0EB020263EBE0730098AF
:1003D00021464FEAE074B8EB000061EB0401E9E765
:1003E00083F000435BE781F0004158E72DE9FE4FC1
:1003F00081EA030404F0004421F0004100944FF02E
:10040000000B23F0004350EA01045ED052EA0304DB
:100410005BD0C3F30A54C1F30A552C44A4F2F3345D
:100420000194A0FB0254C1F3130141F48011C3F302
:10043000130343F4801301FB024400FB034E840AC0
:10044000970A44EA815447EA8357A4FB0768029558
:100450008D0A05FB07854FEA932C04FB0C542705F6
:10046000029D4FEA065847EA1637B5EB08056EEBD2
:10047000070C870E920E47EA811742EA8312A7FB08
:100480000201B6EB0B0164EB00042B0D43EA0C33C5
:100490005E1844EB1C50DA465146E7FB0201C5F3F7
:1004A00013044FEA0B3343EA14534FEA0432019C1E
:1004B00043EA0603A4F10C040294009CCDE900B4C5
:1004C00000F0ABF903B0BDE8F08F00200146F9E77A
:1004D0002DE9F04D81EA030404F0004B21F00045C2
:1004E00014464FF0000A23F0004150EA050220D0E4
:1004F00054EA01021DD0C5F30A570246C5F313039F
:10050000C1F31300C1F30A5640F4801543F480137D
:10051000A7EB0608101BD64608F2FD3873EB050062
:1005200002D308F1010801E092185B41B8F1000F15
:1005300003DA00200146BDE8F08D00204FF4801161
:10054000064684460EE0171B73EB050705D3121B06
:1005500063EB050306434CEA010C49084FEA3000FF
:1005600092185B4150EA0107EDD152EA030012D024
:1005700082EA040083EA0501084305D0101BAB4161
:1005800006D20122002306E000224FF0004302E0E1
:100590006FF0010253101AEB06004CEB085110EB00
:1005A0000A0041EB0B01BDE8F04D00F027B90EB594
:1005B00040F2334102910021CDE900110A460B4679
:1005C00000F02BF903B000BD0EB540F233420292A9
:1005D0000022CDE90022134600F01FF903B000BD50
:1005E00070B5C1F30A5201F000450024C1F31301B4
:1005F00040F2FF3341F480119A4201DA002070BDCD
:1006000040F233439A42A2F2334203DC5242FFF7F4
:1006100012FE00E090402C43F1D0404270BDC1F387
:100620000A5210B5C1F3130140F2FF3341F48011B7
:100630009A4201DA002010BD40F233439A42A2F2FE
:10064000334203DC5242FFF7F6FD10BD904010BD6F
:10065000C1F30A52C1F3130140F2FF3341F4801198
:100660009A4202DA00200146704740F233439A4230
:10067000A2F2334202DC5242FFF7DDBD00F02EB899
:1006800030B5041E71F1000404DB4FF00044404219
:1006900064EB0101141E73F1000405DB1C464FF0EE
:1006A0000043524263EB04038B4208BF824230BDD9
:1006B00030B50B46014600202022012409E021FA32
:1006C00002F59D4205D303FA02F5491B04FA02F52F
:1006D0002844151EA2F10102F1DC30BD202A04DB02
:1006E000203A00FA02F1002070479140C2F1200345
:1006F00020FA03F3194390407047202A06DBCB17FA
:10070000203A41FA02F043EAE07306E041FA02F3CC
:10071000D040C2F120029140084319467047426818
:1007200042B1016811F8013B23B1521EC0E9001229
:10073000184670470121C160881E704742685AB14F
:10074000C368016843B983688B4205D0491E521CB7
:10075000C0E90012002070474FF0FF3070470000E2
:100760000FB4002300B589B00CA900910B996FF06C
:100770000042CB601E4B06931E4B07930423CDE92A
:1007800001321D4A089202466B46002000F058F9DB
:1007900009B05DF814FB70B586B006464FF0FF3027
:1007A0000091CDE90101002015460C460490324627
:1007B000694604A8FFF7D4FF02460498211825B122
:1007C00008B1084600E020462860049800280DD0B3
:1007D000002A02DD0098884208D0081B0094CDE969
:1007E00001043246694604A8FFF7BAFF06B070BD9F
:1007F0001F0700083D0700080D09000810B5141E6A
:1008000073F1000408DA401C41F1000192185B41C9
:100810001A4301D120F0010010BD2DE9F04D9246A0
:100820009B4611B1B1FA81F202E0B0FA80F22032B7
:100830009046FFF753FF04460F4640EA0A0041EA9C
:100840000B0153465A46084313D0114653EA0100A0
:1008500019D0C8F140025046FFF7EDFC05460E46A0
:10086000504659464246FFF739FF084305D001205C
:1008700004E020463946BDE8F08D0020054346EAF5
:10088000E0762C4337430A986305E40AA0EB08009E
:100890000022FD0A44EA47540A3002D500200146EE
:1008A000E9E7010510196941DDE9084500196941C9
:1008B000BDE8F04DA2E7000030B5041E71F1000460
:1008C00004DB4FF00044404264EB0101141E73F15D
:1008D000000405DB1C464FF00043524263EB040367
:1008E000994208BF904230BD064C074D06E0E068D3
:1008F00040F0010394E8070098471034AC42F6D367
:10090000FFF74EFC0809010828090108C0B24FF49E
:10091000F05100F0B1B900002DE9FF4F087883B025
:100920009946FF2805D0491C2D2804D0002400201A
:1009300008E000200BE00124F9E700EB800003EB66
:100940004000491C0B78FF2BF7D104B14042002333
:100950000293147819461D462D2C01D02B2C04D15E
:10096000521C2D2C13D000240294AA461478FF2C7C
:100970000FD00A25A3FB057801FB05814FF0000C81
:1009800003FB0C11521CE3194AEB0101EEE70124B1
:10099000EAE7814453EA010002D019F5C87F06DA7C
:1009A00003980021C0E9001107B0BDE8F08F0025D1
:1009B000AE4E2F46DFF8B8821846FFF705FECDE9A8
:1009C0000001B9F1000002DAC9F1000400E00446B8
:1009D0000023A74A1AEB030B42EB045A12E0E0078C
:1009E00007D02A46334638464146FFF7FFFC074604
:1009F00088462A46334610461946FFF7F7FC054657
:100A00000E466410002CEAD1DDE90001B9F1000FB7
:100A10005A46534606DAFFF75BFD3A464346FFF770
:100A200057FD05E0FFF7E2FC3A464346FFF7DEFCE0
:100A3000029A0AB181F00041039AC2E90001B3E7CA
:100A40002DE9FF4F1F468DB0D7E901464FF0FF3823
:100A50002E2045464FF000090B90B9696D1C0E9889
:100A60008847396A824688470028F6D1BAF1FF3FA5
:100A70000AD024F4D064002E11DDBAF12B0F08D077
:100A8000BAF12D0F0BD102E0404611B08DE744F4CE
:100A90008064B9696D1C0E9888478246761E694647
:100AA000600501D52D2000E02B208DF8000001F11C
:100AB000010B0DF1200809E0B9696D1C0E988847FB
:100AC00082460F9844F40074761E0560002E02DD05
:100AD000BAF1300FF0D00B998A453ED144F0800432
:100AE00006E00F99681CA9F1010944F4007408603C
:100AF000B9696D1C761E0E98884782463028F0D062
:100B00002BE00B998A4505D1200603D444F08004DC
:100B1000761E18E0504602F02DFA08B30DF11301CD
:100B2000761E44F400748B4508D2AAF130000BF80D
:100B3000010B200607D5A9F1010003E0200602D42D
:100B400009F101008146A00502D50F99681C0860D3
:100B5000B9696D1C0E9888478246002ED1DC53E09F
:100B6000002E51DDBAF1650F02D0BAF1450F4BD11D
:100B7000A00549D5B9696D1C24F44074761E0E9801
:100B800088478246002E0CDD2B2804D0BAF12D0FA9
:100B900007D144F48074B9696D1C0E988847824669
:100BA000761EE00501D52D2100E02B2108F8011B60
:100BB000CDF82C8021E00DF12901761E44F400745B
:100BC00088450CD2AAF1300010F0FF0088F8000030
:100BD00002D10B99884509D908F1010806E0E00522
:100BE00001D5244801E042F20F708146B9696D1CBD
:100BF0000E98884782460F980560002E04DD504607
:100C000002F0B8F90028D6D1F9690E988847FF207C
:100C10008BF8000088F800000020069007904B46F3
:100C20006A4608A906A8FFF777FEA00502D46FF070
:100C300001002AE714F0240F0AD0E00714D1DDE9FF
:100C400006123868031D3B600068C0E900120BE023
:100C5000DDE9060100F024F80146E00704D1386818
:100C6000021D3A600068016028460EE7000014404B
:100C70000000F03FF1D8FFFF7F2801D9002208E0F3
:100C8000064A02EB5002C007127800D1120902F0A6
:100C90000F02012090400840704700007DFB0008D3
:100CA00001F0004330B421F0004150EA010206D0C7
:100CB0000A0DA2F56072C1F31301002A02DC30BCF8
:100CC00000207047440F44EAC104C100E01830BC62
:100CD00000EBC250AFF300800029A8BF7047401C52
:100CE000490008BF20F00100704710B4B0FA80FC42
:100CF00000FA0CF050EA010404BF10BC704749B17F
:100D0000CCF1200421FA04F411FA0CF118BF0121EE
:100D100021430843A3EB0C01CB1D4FEA00614FEACE
:100D2000102042BF002010BC704700EBC35010449D
:100D30000029A4BF10BC7047401C490008BF20F028
:100D4000010010BC704770B58D1810F8014B14F0FD
:100D5000030201D110F8012B231106D110F8013B39
:100D600003E010F8016B01F8016B521EF9D1ABB131
:100D700010F8012B04F00C048A1A0C2C03D0A2EBFF
:100D800084129B1C08E010F8014BA2EB0422F8E748
:100D900012F8014B01F8014B5B1EF9D5A942D4D3DF
:100DA000002070BD464910B54A6822F440324A60BE
:100DB0004A6843681A434A6001684A6822F48072AC
:100DC0004A6001684A68036942EA03224A6001688E
:100DD0004A6822F040724A6001684A6883681A4390
:100DE0004A6001688A6822F400628A6001688A6841
:100DF000C3681A438A60816A6FF07062D1420168E9
:100E00008A6822F070628A6001688A680CD0836AFE
:100E10001A438A6001688A6822F040528A60016839
:100E20008A68C36A1A4301E022F040528A6001686E
:100E30008A6822F002028A6001688A68037E42EAB8
:100E400043028A6090F82010002901684A680FD098
:100E500042F400624A6001684A6822F460424A60D3
:100E600001684A68174C436A04EB43331A4301E0B4
:100E700022F400624A600168CA6A22F47002CA62FF
:100E80000168CA6A838B104C04EB03531A43CA628D
:100E900001688A6822F400728A6001688A6890F8A2
:100EA000303042EA43228A6001688A6822F4806214
:100EB0008A6001688A68406942EA8020886010BDC3
:100EC0000023014000E0FFFF0000F0FFFEE7704755
:100ED00070474FF4007000F01BBA72B6FEE70000D6
:100EE00078B50024009490F83C20012A19D0012202
:100EF00080F83C200A6807230568092A13D9EE68A0
:100F00000A3A02EB420293409E43EE600B788A68F5
:100F10000A3B03EB43039A400368DD682A43DA6027
:100F200010E0022078BD2E6902EB420293409E43FE
:100F30002E610B788A6803EB43039A4003681D69AE
:100F40002A431A614A681F23072A13D205686E6B69
:100F5000521E02EB820293409E436E630A8893B254
:100F60000A79521E02EB820293400268556B2B43B2
:100F7000536327E005680D2A12D22E6BD21F02EBB5
:100F8000820293409E432E630B790A88DB1F92B244
:100F900003EB83039A4003681D6B2A431A6311E035
:100FA000EE6A0D3A02EB820293409E43EE620B79A9
:100FB0000A880D3B92B203EB83039A400368DD6A13
:100FC0002A43DA621B4B0568194A9D420AD10D6813
:100FD000122D07D1556825F400055560556845F474
:100FE0008005556005689D421DD1134D0B68AB42CD
:100FF00001D0112B17D1536823F480035360536839
:1010000043F4000353600968A9420CD10B490C4A10
:101010000968B1FBF2F101EB8101490000E0491ED2
:1010200000910029FBD180F83C40002078BD0000F1
:101030000023014000200140120000107C04002029
:1010400040420F000068C06C704770B504004FF05C
:10105000000503D0206C002610B107E0012070BD10
:10106000204600F01DF8666484F83C60206CC006E1
:1010700010D4206C20F4885040F0020020642046F8
:10108000FFF790FE6664206C20F0020040F0010043
:10109000206400E0012584F83C60284670BD000013
:1010A00008B500680649884208D10648016841F43D
:1010B00080710160006800F48070009008BD00003D
:1010C00000200140443802402DE9F0410446006808
:1010D0000D4681684FF0000749050BD58068C005B3
:1010E00008D5206C40F02000206484F83C7001207A
:1010F000BDE8F08100F01AFA064613E0681C11D032
:1011000025B100F013FA801BA8420BD920680068B3
:10111000800707D4206C40F00400206484F83C7001
:101120000320E5E7206800688007E7D521686FF0B5
:1011300012000860206C40F4007020642068816810
:1011400011F0405F13D1217E89B9C16A11F4700F8B
:1011500002D0806840050AD4206C20F4807020649E
:10116000206CC00403D4206C40F0010020640020F7
:10117000BEE7000018B50021009190F83C20012A3C
:1011800007D0012280F83C2002689368DB0702D078
:1011900011E0022018BD936843F001039360244AD4
:1011A000244B1268B2FBF3F202EB420200E0521E43
:1011B0000092002AFBD102689368DB072ED0036CF3
:1011C00040F20164A34343F48073036453685B05F6
:1011D00005D5036C23F4005343F480530364036C7C
:1011E000DB0404D5436C23F00603436400E0416450
:1011F00080F83C1010496FF02203136049680068C2
:10120000C90602D00D49884210D1816811F0405FB3
:101210000CD1816841F08041816007E0016C41F0B0
:1012200010010164416C41F001014164002018BDCE
:101230007C04002040420F000023014000200140B8
:1012400090F83C1001290CD0012180F83C10016875
:101250008A6822F001028A6001688968C90702D0A1
:1012600007E002207047016C21F4885141F0010130
:101270000164002180F83C100846704770B50446B0
:1012800000F054F90546601C02D00448007804447C
:1012900000F04CF9401BA042FAD370BD700400204E
:1012A00070B54FF40071884216D1174C6078002851
:1012B00012D0164800F028F901280ED000F036F9B7
:1012C0000121E060A170A168401A052814D9207896
:1012D00080B100202070E07070BD00F027F900257B
:1012E000A060A57000F022F9A168401A1428F3D973
:1012F000A57070BD0120EDE7207908B92078E07075
:101300006420207170BD00009404002000000240A1
:10131000044910B50A68024202D00860FFF7C0FF16
:1013200010BD0000143C01402DE9F84FDFF8B8A1D2
:101330000022012403254FF00F090AF1040BAAF142
:10134000040E00BF0B6804FA02F63340B34273D1B7
:101350000F7907F00307012F01D0022F16D18768FC
:101360004FEA420805FA08FC27EA0C07D1F80CC03E
:101370000CFA08FC4CEA070CC0F808C04768B743F1
:101380000E79C6F3001696403E4346600E79F6434A
:10139000B6070DD0C768560005FA06FC27EA0C0709
:1013A000D1F808C00CFA06FC4CEA070CC0F80CC0D7
:1013B0000E7906F00306022E10D1D60800EB86083F
:1013C000D8F8206057074FEAD76C09FA0CF7BE43EC
:1013D0000F6907FA0CF73743C8F8207006684FEA20
:1013E000420C05FA0CF7BE430F7907F0030707FA22
:1013F0000CF7374307604E6816F4403F6DD03B4E04
:10140000376847F480473760366822F0030706F4F0
:1014100080460096364E07EB060CDCF80868970706
:101420003F0F09FA07F826EA0806DFF8C8804045AA
:1014300003D14FF000081EE04FE0DFF8BC804045CC
:1014400002D14FF0010816E0DFF8B080404502D12C
:101450004FF002080FE0DFF8A880404502D14FF0BE
:10146000030808E0DFF89C80404502D14FF00408F3
:1014700001E04FF0070808FA07F848EA0608CCF838
:101480000888DAF800605746D1F804C09E435FEA46
:10149000CC2C00D51E433E60DBF800605F46D1F8DF
:1014A00004C09E435FEA8C2C00D51E433E60DEF8EC
:1014B00000607746D1F804C09E435FEA8C3C00D5BB
:1014C0001E433E60084F083F3E68D1F804C09E436B
:1014D0005FEACC3C00D51E433E60521C102AFFF44C
:1014E00031AFBDE8F88F0000083C014044380240AD
:1014F00000300140000002400004024000080240A9
:10150000000C0240001002400069084000D0012099
:101510007047426921EA02030A4043EA02418161BD
:1015200070470AB1816170470904FBE70148806890
:10153000704700007004002002488168027811445E
:1015400081607047700400200B4810B5016841F4B9
:1015500000710160016841F480610160016841F43B
:1015600080710160032000F06FF8012000F006F8A0
:1015700000F024F8002010BD003C024070B50D4D75
:1015800004464FF47A712878B1FBF0F00A490968F3
:10159000B1FBF0F000F0A0FB48B9102C07D20022FC
:1015A0002146501E00F030F800206C6070BD012014
:1015B00070BD0000700400207C0400200A4808B5BB
:1015C000016841F480410160006800F480400090AF
:1015D0000548001F016841F080510160006800F07B
:1015E0008050009008BD000044380240002809DB0C
:1015F00000F01F02012191404009800000F1E0202D
:10160000C0F8001170470000F0B40E4B1B680C4688
:10161000C3F30223C3F10705042D00D90425191DC6
:10162000072901D2002300E0DB1E012606FA05F19E
:10163000491E214099409E40761E16403143F0BC21
:1016400001F0E0BA0CED00E0064900F0070208687E
:101650004FF6FF03184040EA0220034A1043086097
:10166000704700000CED00E00000FA052DE9F0479E
:101670000E46050065D0DFF81481D8F80000F7B2F7
:1016800000F00700B04207D288F80070D8F80000D8
:1016900000F00700B04254D128683D4C810712D5B4
:1016A000400703D5206840F4E05020602878000708
:1016B00003D5206840F4604020602068A96820F0CD
:1016C000F000084320602878C0072DD030496868B2
:1016D0000839012812D0022813D0032811D0096834
:1016E000890700292DDA216821F0030101432160D7
:1016F000FFF71CFF814641F2883A0EE00968890332
:10170000EFE709688901ECE7FFF710FFA0EB09019B
:10171000514502D90320BDE8F0872068696800F0D0
:101720000C00B0EB810FEFD1D8F80010404601F06B
:101730000701B14207D90770006800F00700B04206
:1017400001D00120E7E72878400705D52068E9683F
:1017500020F4E050084320602878000706D5206870
:10176000296920F4604040EAC100206000F038F8A8
:101770002168084AC1F30311515CC840064908605A
:1017800006480068FFF7FAFE0020C4E7003C02406C
:101790000838024086DE00087C0400207404002023
:1017A0000448054900680968044AC1F38221515C74
:1017B000C84070477C0400200838024096DE0008CC
:1017C0000448054900680968044AC1F34231515C84
:1017D000C84070477C0400200838024096DE0008AC
:1017E000154810B5006810F00C02144813D01449C5
:1017F000042A0FD0082A0ED10F4C241F2268236818
:1018000002F03F025B0207D52068C0F38810A0FBFE
:10181000010106E0084610BD2168C1F38811A1FB53
:1018200000010023FEF7D6FC2168C1F30141491CE9
:101830004900B0FBF1F010BD083802400024F4006C
:1018400040787D012DE9F84F04006ED02078DFF854
:101850004C93C007A9F104054AD009F104000168BE
:10186000C1F38101012908D00068C0F3810002287A
:101870000AD1D9F80000400206D52868800337D580
:1018800060680028E1D033E06068B0F5803F10D098
:10189000B0F5A02F286810D020F480302860286888
:1018A00020F4802028606068A8B1FFF73FFE06465C
:1018B0000DE0286840F48030F4E740F48020286090
:1018C000F7E700BFFFF732FE801B642873D8286853
:1018D0008003F7D50CE0FFF729FE064605E000BFC0
:1018E000FFF724FE801B6428F0D828688003F7D413
:1018F0002078DFF8AC8280074FF0000A3ED5A74879
:10190000001D016811F00C0F08D00068C0F38100C1
:1019100002280BD1D9F80000400207D428688007BC
:1019200016D5E068012800D112E033E1E068B8B1D3
:101930000120C8F80000FFF7F9FD064605E000BFEA
:10194000FFF7F4FD801B0228C0D828688007F7D570
:101950002868216920F0F80040EAC10028600DE005
:10196000C8F800A0FFF7E2FD064604E0FFF7DEFD41
:10197000801B02281FD828688007F7D4207800072A
:1019800022D5864F87486169703771B101210160A6
:10199000FFF7CCFD064604E0FFF7C8FD801B0228D8
:1019A00009D838688007F7D50EE0C0F800A0FFF727
:1019B000BDFD064605E082E0FFF7B8FD801B02286A
:1019C0007DD838688007F7D42078400768D5DFF8DD
:1019D000CCB100270BF13C0BDBF80000C0000BD4AE
:1019E000DBF8001041F08051CBF80010DBF800006C
:1019F000012700F0805000906B4E3068C00510D475
:101A0000306840F480703060FFF790FD009005E092
:101A1000FFF78CFD0099401A022850D83068C005A5
:101A2000F6D55E4EA0686C3601280FD005283068C8
:101A300010D020F001003060306820F004003060E9
:101A4000A068B8B1FFF772FD00900FE0306840F079
:101A50000100F4E740F004003060F7E7FFF766FDAF
:101A60000099411A41F28830814266D83068800777
:101A7000F4D50EE0FFF75AFD009007E0FFF756FDA2
:101A80000099411A41F28830814256D83068800767
:101A9000F4D42FB1DBF8001021F08051CBF8001006
:101AA000A069C8B33D49091D0968C1F38101022934
:101AB0004AD00228504607D0C8F8600000E03CE059
:101AC000FFF734FD04463BE04746C8F86000FFF7E7
:101AD0002DFD064605E000BFFFF728FD801B02280C
:101AE0002BD828688001F7D4D4E907010843A16AFC
:101AF0002E4A490802EB0141626A41EA8211084319
:101B000094F82C1040EA0161C9F8001001203866F1
:101B1000FFF70CFD044606E03EE000BFFFF706FDC0
:101B2000001B022809D828688001F7D534E000BFDF
:101B3000FFF7FCFC001B022802D90320BDE8F88F48
:101B400028688001F4D427E00128F7D0D9F80000F4
:101B5000E26900F4800191421CD1226A00F03F0149
:101B6000914217D147F6C071626A0140B1EB821F02
:101B700010D1A26A4FF0FF3300F4403103EB520260
:101B8000B1EB024F06D194F82C1000F07060B0EB6E
:101B9000016F01D00120D1E70020CFE704380240D7
:101BA00000004742800E4742007000400000FFFFE7
:101BB00070B5040009D0606A002540B125616561F7
:101BC000A56294F8510040B10CE0012070BD60683E
:101BD000B0F5827FF4D0E561F2E784F850502046FA
:101BE00000F044F8022084F851002068016821F0D8
:101BF00040010160A088218900F4827001F4044151
:101C00000843A18901F400610843217C01F002012D
:101C10000843217D01F001010843218B01F400718B
:101C20000843217F01F03801084394F8201001F0A7
:101C300080010843218D01F40051084321680860A8
:101C4000A069042101EA104094F8241001F0100169
:101C50000843216848602068C16921F40061C161BE
:101C60006565012084F85100002070BD10B586B074
:101C7000044614216846FEF707FB14492068884291
:101C800021D113480021026842F4804202600068BA
:101C900000F4804005900E481038026842F00202BD
:101CA0000260006800F0020005904FF4444000908C
:101CB0000220CDE90101032003900520049069462C
:101CC0000448FFF731FB06B010BD000000380040AB
:101CD000403802400004024010B5401EB0F1807F41
:101CE00001D3012010BD4FF0E02460610F21601787
:101CF00000F088FF0020A06107202061002010BDB7
:101D00007047704770B590F83C20012A2CD0012410
:101D100080F83C40022280F83D2003685A689D68A4
:101D200022F070060A6832435A60104B02689A42E9
:101D30000ED0B2F1804F0BD00D4B9A4208D00D4B14
:101D40009A4205D00C4B9A4202D00C4B9A4204D1D5
:101D5000496825F080031943916080F83D400021D7
:101D600080F83C10084670BD022070BD00000140A4
:101D70000004004000080040000C0040004001400A
:101D800010B5040003D094F83D0010B107E0012025
:101D900010BD002084F83C00204600F01FF802200F
:101DA00084F83D00211D206800F0D6FD012084F854
:101DB000460084F83E0084F83F0084F8400084F830
:101DC000410084F8420084F8430084F8440084F819
:101DD000450084F83D00002010BD000008B50068F3
:101DE0000B49884212D10B48016841F001010160A2
:101DF0000068002200F00100009004211920FFF784
:101E000003FCBDE808401920FFF7F0BB08BD000047
:101E1000000001404438024090F83D10012901D0F3
:101E200001207047022180F83D100168CA6842F025
:101E30000102CA6000680E4988420ED0B0F1804F9E
:101E40000BD00C49884208D00B49884205D00B4979
:101E5000884202D00A49884204D1816801F0070112
:101E6000062903D0016841F001010160002070479C
:101E7000000001400004004000080040000C004049
:101E8000004001400168CA6822F00102CA6001688E
:101E90000A6A41F211131A4207D10A6A9B101A42C8
:101EA00003D10A6822F001020A60012180F83D1086
:101EB0000020704770B5044690F83C0000250128CA
:101EC00017D0012684F83C60022084F83D00206889
:101ED000826822F0770222F47F42826008685028EC
:101EE00038D00DDC20284FD005DC90B3102811D15C
:101EF0004AE0022070BD302846D040280AD13BE09D
:101F000060282FD070280DD0B0F5805F03D0B0F5D9
:101F1000005F12D0012584F83D60002084F83C0069
:101F2000284670BDCB68D1E90121206800F060FD32
:101F30002068816841F0770109E0CB68D1E901218F
:101F4000206800F055FD2068816841F4804181607F
:101F5000E1E719E0CA684968206800F05BFD50219C
:101F6000206806E0CA684968206800F064FD6021C6
:101F7000206800F047FDCEE7CA684968206800F095
:101F800049FD40212068F4E7226801461046F0E749
:101F9000704770B50446006801694FF00005C943F9
:101FA000890715D4C168C943890711D4E91E0161A5
:101FB00001202077206880698007204602D0FFF743
:101FC000E7FF04E000F098F8204600F096F8257747
:101FD00020680169C943490717D4C168C943490743
:101FE00013D46FF00401016102202077206880691A
:101FF00010F4407F204602D0FFF7CAFF04E000F053
:102000007BF8204600F079F8257720680169C943FC
:10201000090716D4C168C943090712D46FF0080133
:102020000161042020772068C0698007204602D023
:10203000FFF7AEFF04E000F05FF8204600F05DF827
:10204000257720680169C943C90617D4C168C94307
:10205000C90613D46FF010010161082020772068B1
:10206000C06910F4407F204602D0FFF791FF04E0E2
:1020700000F042F8204600F040F82577206801691A
:10208000C943C90708D1C168C943C90704D1891E1A
:102090000161204600F032F820680169C943090651
:1020A00009D4C168C943090605D46FF080010161F4
:1020B0002046FFF725FE20680169C943490609D477
:1020C000C168C943490605D46FF04001016120464B
:1020D00000F026F820680169C94389060BD4C1685D
:1020E000C943890607D46FF0200101612046BDE88D
:1020F0007040FFF706BE70BD704770470068064924
:10210000884208D10548017919B1491E01710121A0
:1021100000E0C17801707047000001409404002085
:10212000704770B5040004D094F83D00002510B14C
:1021300006E0012070BD84F83C50204600F022F8F3
:10214000242084F83D002068C16821F40051C1605A
:10215000204600F083FC2068016921F49041016170
:102160002068416921F02A0141612068C16841F479
:102170000051C1602564202084F83D0084F83E00B1
:10218000002070BD10B586B0044614216846FEF7E5
:102190007BF813492068884220D112480021026848
:1021A00042F010020260006800F0100005900D4837
:1021B0001438026842F002020260006800F0020077
:1021C0000590482000900220CDE9010103200390F2
:1021D0000720049069460448FFF7A6F806B010BD32
:1021E0000010014044380240000402402DE9F84F3D
:1021F000044690F83E009A4616460D46202853D1D4
:10220000FDB1F6B194F83C0001284DD0012084F8CE
:102210003C0000272764222084F83E002763FFF754
:1022200085F9A6858146E685A0684FF4805840452B
:1022300001D1206940B12E465FF0000584F83C7062
:1022400027E00120BDE8F88F0026F7E74B46002283
:1022500020212046CDF800A000F086FC08B1032024
:10226000F0E726B1A06840451BD038B108E02068EF
:102270004068C0F3080025F8020B07E0206980B130
:102280002068406800F07F0006F8010BE08D401EDA
:10229000E085E08D0028D9D1202084F83E00002080
:1022A000D0E720684068EFE70220CBE72DE9F8434C
:1022B000044690F83D001F4616460D4620284CD196
:1022C000C5B1BEB194F83C00012846D0012084F885
:1022D0003C004FF00008C4F84080212084F83D0005
:1022E000FFF724F9A6848146E684A068B0F5805FF4
:1022F00003D004E00120BDE8F883206928B12E4610
:102300005FF0000584F83C800EE00026FAE78021AB
:10231000204600F029FCA0B9AEB116F8010B2168E7
:102320004860E08C401EE084E08C4B464FF0000299
:1023300000970028EBD14FF04001204600F014FC3C
:1023400030B10320D7E735F8020BC0F30800E6E709
:10235000202084F83D000020CDE70220CBE7FEE7F7
:102360001FB500211648009101910291134A039173
:1023700002604FF48032C0E901210161017680F8EA
:102380002010104AC0E90A210124C461C16080F80C
:1023900030104461FEF759FE08B1FEF79EFD0A4871
:1023A000CDE900040720029069460548FEF798FD34
:1023B000002801D0FEF791FD1FBD00000020014064
:1023C000F00800200100000F120000102DE9F0437A
:1023D00087B014216846FDF757FF3C480024016888
:1023E00041F004010160016801F0040105910168F8
:1023F00041F080010160016801F0800105910168F0
:1024000041F001010160016801F0010105910168DD
:1024100041F00201016000682D4E00F002004FF40F
:1024200000550590002229463046FFF77AF8DFF87C
:10243000A480002202214046FFF773F8DFF898904D
:10244000AF10002239464846FFF76BF8009501258A
:10245000CDE90154694630460394FEF765FF41F229
:10246000FF40CDE90004694648460294FEF75CFF50
:1024700002260096CDE90154694640460394FEF7D2
:1024800053FF28028DE8510069464846FEF74CFF8D
:10249000680200904FF44410CDE9010669464846B1
:1024A000FEF742FF0097CDE9015469464846039480
:1024B000FEF73AFF002204211720FFF7A5F81720A6
:1024C000FFF794F807B0BDE8F08300003038024011
:1024D0000008024000040240000002400F4810B50E
:1024E0000D4901604FF48271416000218160C1603B
:1024F0004FF400720161C0E90512C16101624162DD
:1025000081620A21C162FFF753FB002803D0BDE8B6
:102510001040FEF7E2BC10BD003800403809002032
:1025200010B586B0002417480094019402940394D7
:1025300004941349059401604F21C0E9011440F24D
:10254000E731C0E9031444618461FFF719FC08B165
:10255000FEF7C3FC4FF48050009069460948FFF72E
:10256000A9FC08B1FEF7B9FC049404A90548059438
:10257000FFF7C8FB002801D0FEF7AFFC06B010BD86
:1025800000000140900900200C4810B50A49016084
:102590004FF4E1314160002181600C22C160C0E94B
:1025A00004128161C161FFF7BCFD002803D0BDE8C2
:1025B0001040FEF792BC10BD00100140D809002069
:1025C000FEE7FEE7704700002DE9F05F4FF00009DD
:1025D0001B4D01224C464F46D1022846FEF7A1FF73
:1025E000184EA8464FF4806A4FF4805B17E05146BE
:1025F0004046FEF789FF054659464046FEF784FFF0
:10260000012D09D147B938B100F01EF8E10088402A
:10261000641C40EA0909E4B22F46032C01D2761E5D
:10262000E5D200224FF400614046FEF77AFF032C0A
:1026300003D06FF07F40BDE8F09F4846FBE7000005
:1026400000000240A086010001480069C0B2704746
:1026500000000240704708B50220ADF80000BDF848
:102660000000411EADF80010F9D208BD2DE9F0437D
:1026700087B0044614216846FDF706FE2C482D4914
:1026800000250470086840F002000860086800F047
:1026900002000590086840F002000860086800F039
:1026A00002000590086840F002000860086800F029
:1026B00002000590086840F00200086008684FF4C6
:1026C000806900F00200059002200126CDE9025049
:1026D000DFF86480CDE9009669464046FEF724FEA7
:1026E000F003009069464046FEF71EFEB003CDE9B8
:1026F0000005694640460295FEF716FE77030097EF
:10270000CDE9016569464046FEF70EFE01223946D5
:102710004046FEF706FF4CB1012C07D00122494686
:102720004046FEF7FEFE07B0BDE8F0830022F6E764
:102730009508002030380240000402402DE9F041A5
:10274000DFF834800D4606464FF400570022394624
:102750004046FEF7E6FE002405E0FF2000F030F8DA
:102760003055641CA4B2AC42F7D339464046BDE8AC
:10277000F0410122FEF7D5BE000402402DE9F047EA
:10278000DFF8389016460D4607464FF400580022F1
:1027900041464846FEF7C5FE002406E0385D00F0DD
:1027A0000FF805B12855641CA4B2B442F6D34146D3
:1027B0004846BDE8F0470122FEF7B3BE00040240E0
:1027C0002DE9F05F0024364DDFF8D8800646274615
:1027D0004FF400494FF4806A4FF4804B287860B181
:1027E00002280AD0012833D0002251464046FEF785
:1027F00098FE30062ED501222DE0300601D50122AB
:1028000000E0002249464046FEF78BFE7006060EA9
:10281000FFF721FF2878B8B1002251464046FEF765
:1028200080FEFFF718FF6006040E59464046FEF78B
:102830006BFE08B144F00104287838B101225146FA
:102840004046FEF76EFE21E00122E6E70022F6E7B1
:102850000122CAE7002249464046FEF762FE7006A2
:10286000060EFFF7F8FE2878012816D001225146FF
:102870004046FEF756FEFFF7EEFE6006040E594690
:102880004046FEF741FE08B144F001047F1CFFB250
:10289000082FA3D32046BDE8F09F0022E7E7000001
:1028A0009508002000040240FEF746BE30B593B004
:1028B00030216846FDF7E8FC14210CA8FDF7E4FC84
:1028C0001C480025016841F080510160006800F05B
:1028D000805011901848016841F44041016000683F
:1028E000022400F440401190012000900004019067
:1028F0008001CDE906400C2008906020CDE9090454
:1029000004200B906846FEF79DFF08B172B6FEE703
:102910000CA90F2081E831004FF48050CDE90F055C
:1029200003210CA8FEF7A2FE002801D072B6FEE734
:1029300013B030BD403802400070004002480168CA
:1029400041F470010160704788ED00E00148FFF735
:1029500020BB000090090020F0B502681D4B1E4C02
:102960009F031E4D1E4E984207D0B84205D0A0428C
:1029700003D0A84201D0B04204D122F0700C4A68C2
:1029800042EA0C02984210D0B8420ED0A0420CD0BD
:10299000A8420AD0B04208D0124CA04205D0124C36
:1029A000A04202D0114CA04203D122F44074CA6864
:1029B00022434C6922F08002224302608A68C2628C
:1029C0000A688262984201D109690163012141616B
:1029D000F0BD00000000014000040040000800407D
:1029E000000C00400040014000440140004801400C
:1029F00010B5846842EA032224F47F440A43224348
:102A0000826010BD826822F070020A4342F0070122
:102A10008160704710B5036A046A24F001040462FF
:102A2000846924F0F00444EA021423F00A020A4301
:102A30008461026210BD10B5036A23F010030362C3
:102A40008369046A23F4704343EA023224F0A0034A
:102A500043EA01118261016210BD000070B50446B5
:102A600000680169E26821F4405111430161216964
:102A7000A068E26908436169114308432168CA6894
:102A800049F20C639A430243CA6020684169A26913
:102A900021F440711143416131492068884202D0DC
:102AA0003049884202D1FEF78BFE01E0FEF778FE46
:102AB000E2690023192164253226B2F5004F6268CD
:102AC00028D0A0FB0101930F9200FDF783FB014684
:102AD000B0FBF5F06FF01802504301EB800006EBFD
:102AE0000010B0FBF5F000F0F002B1FBF5F002EBE6
:102AF0000012B1FBF5F06FF01803584301EB8000B2
:102B000006EB0010B0FBF5F000F00F002168104458
:102B1000886070BDA0FB010192185B41FDF75AFB74
:102B20000146B0FBF5F00201B1FBF5F06FF01803C0
:102B3000584301EB800006EBC000B0FBF5F000F05D
:102B4000F80002EB4002B1FBF5F0584301EB8000C6
:102B500006EBC000B0FBF5F000F00700D6E7000080
:102B600000100140001401402DE9F041984617463D
:102B70000E460446069D27E0681C25D02DB1FEF7C1
:102B8000D5FCA0EB0800A8421ED920680C3050E804
:102B9000001F21F4D07140E80012002AF5D120680E
:102BA000143050E8001F21F0010140E80012002A13
:102BB000F5D1202084F83D0084F83E00002084F800
:102BC0003C000320BDE8F0812068006836EA000080
:102BD00004D00020B842CFD00020F3E70120F9E76D
:102BE000FEE700000FB4054B10B503A9044A029894
:102BF00000F0C8F910BC5DF814FB000005C0000827
:102C0000980800200907090E002804DB00F1E020E5
:102C100080F80014704700F00F0000F1E02080F809
:102C2000141D704738B51D4614000BD001236A46A9
:102C300007F038FA002804DB9DF800002040E84047
:102C4000C0B238BD6FF0150038BD2DE9F8431E46FF
:102C5000089D14000F46804614D001236A4607F0F1
:102C600021FA00280CDB9DF80000B540A043254068
:102C70000543EAB28DF800203946404607F042FA93
:102C8000BDE8F8836FF01500FAE770B5044602F06E
:102C9000030060F35F110A461E46049DA021606890
:102CA00007F030FA06F0030646F07C02A1216068C6
:102CB00007F028FA46F07802A121606807F022FAAE
:102CC0001021204605F038FB00280DDB5DB1D4F85B
:102CD000C000C06A022808D0A721606807F0D8F9B0
:102CE00000F003002870002070BDA821F5E7000067
:102CF0002DE9F0415508134604464E080A461A4984
:102D00001AA0FFF76FFF1CA0FFF76CFF2046A16E13
:102D100008F008FD074602463146204605F0B4FE9D
:102D200000281EDB3A462946204607F0DDFB002836
:102D300017DB3146204605F047FF002811DB294606
:102D4000204607F035FC00280BDB2046E16E08F03A
:102D5000E9FC02463946204605F018FB002800DB56
:102D60000020BDE8F081000064F6000825733A20D9
:102D700025752025750000000A00000000000000F5
:102D800030B583B0044600F017F89FED090B0546F7
:102D90008DED000B002221466846FDF7FCFC28461D
:102DA00000F020F89DED000B03B030BD00000000E6
:102DB00000000000000000000148006870470000AB
:102DC000A408002002E008C8121F08C1002AFAD196
:102DD00070477047002001E001C1121F002AFBD19B
:102DE000704700000149086070470000A4080020F7
:102DF0002DE9FF5F82B00021DDE90430020DDDF82E
:102E000040B0034318D044F61050A2F2FF324243C0
:102E10001514119801281FD0A5EB0B00401C5FEA88
:102E2000000A4FF000064E4FDFF83891B04650468A
:102E300015D5CAF1000413E0119801244AA3012812
:102E400001D16FEA0B010298119AC0E90031C0E983
:102E5000024206B0BDE8F09FCBF10000DFE7044678
:102E60000021404A491842EB0450CDE9001012E01D
:102E7000E00707D032463B4640464946FDF7B6FAE2
:102E80008046894632463B4610461946FDF7AEFA63
:102E900006460F466410002CEAD1DDE90401DDE9A5
:102EA0000023BAF1000F06DAFDF7A0FA42464B46BE
:102EB000FDF79CFA05E0FDF70BFB42464B46FDF79C
:102EC00007FB04460E460022284BFDF7F5FC03D80D
:102ED0004FF0FF30014607E00022254B20463146E7
:102EE000FDF7DDF9FDF7B4FB102409E0002C0ADB47
:102EF0000A220023FDF76EF9039B30321A55641E37
:102F000050EA0102F2D1641C039AC4F11103144483
:102F1000119A012A03D0012208430DD10AE0084387
:102F200004D000204FF0110B119072E7A3EB0B05BA
:102F30006D1E0DE05B4504DD4FF0000205F101055B
:102F400004E003DA4FF00002A5F10105002AECD0FD
:102F500002981199C0E90231C0E9004579E7000003
:102F6000000014400000F03F300000000000F0437B
:102F70000000E03F30380A2801D2012070470020CD
:102F8000704700002DE9FF4F95B09A4688460646E7
:102F90000025EEE1252877D100242746F94A0121B2
:102FA000039400E0044316F8013F203B01FA03F0CC
:102FB0001042F7D130782A2811D06FF02F033078E3
:102FC000A0F13002092A16D8039A44F0020402EB59
:102FD000820203EB42021044761C0390EFE758F89C
:102FE000042B0392002A03DA504244F40054039065
:102FF00044F00204761C30782E2816D116F8010F02
:1030000044F004042A280DD06FF02F023078A0F18C
:103010003003092B09D807EB870302EB4303C718DA
:10302000761CF3E758F8047B761C30786C280FD0B8
:1030300006DC4C2817D068280DD06A2814D104E08B
:10304000742810D07A280FD10DE044F400140AE05F
:1030500044F4801401E044F440147278824202D1B6
:1030600004F58014761C761C307866280BD013DCAF
:10307000582877D009DC002875D04528F6D0462896
:10308000F4D047281AD193E118E0632835D064289A
:1030900079D0652812D18BE1702873D008DC6728BD
:1030A000F1D069286FD06E280DD06F2806D1ACE022
:1030B00073282CD0752874D0782853D0524617998D
:1030C00090476D1C54E1C4F30250022809D0032834
:1030D0000DD0D8F8001004280DD00D6008F10408B8
:1030E00046E1D8F80010EA17C1E90052F6E7D8F82F
:1030F00000100D80F2E70D70F0E718F8041B8DF852
:10310000001000208DF80100EB46012003E058F884
:1031100004BB4FF0FF3061074FF0000102D40DE017
:1031200009F101018946B9420FDA8145F8DB1BF844
:1031300009100029F4D108E009F101018946814212
:10314000FADB1BF809100029F6D103985346A0EBCF
:10315000090721463846179A00F080FA284400EB08
:10316000090507E044E008E10DE01BF8010B5246B9
:1031700017999047B9F10109F7D2534621463846CD
:10318000179AF2E039E00A21C4F302524FF0000B23
:103190000091022A06D058F8040BC117032A09D05F
:1031A0000AE023E008F1070020F00702F2E802013C
:1031B000904605E000B2C117042A01D140B2C11700
:1031C000002906DA0A460021404261EB02012D2265
:1031D00002E0220504D52B228DF80420012203E011
:1031E000E20701D02022F7E7914657E00A2100E0EC
:1031F00010214FF0000B00910BE010214FF0000B5D
:1032000044F004040827009103E008204FF0000B6D
:103210000090C4F30252022A05D058F8040B002192
:10322000032A08D008E008F1070020F00702F2E8BE
:103230000201904603E080B2042A00D1C0B24FF0F0
:10324000000922072AD53278702A07D0DDF800C09D
:103250008CF0100C5CEA0B0C05D00EE040228DF8CF
:103260000420012208E050EA010306D030238DF843
:1032700004308DF8052002229146009B83F008035C
:1032800053EA0B030AD150EA010201D1620705D5C6
:1032900030228DF804204FF001097F1E3278582A21
:1032A00004D039A20C920CAA02920BE03BA2F9E7DF
:1032B0005B46009AFCF78EFF0C9B9B5C029A521EA9
:1032C0000292137050EA0102F2D1029804A9081A7E
:1032D00000F1200B600702D524F4803400E00127C0
:1032E0005F4502DDA7EB0B0000E0002000EB0B01C7
:1032F000009003984944401A0390E00306D45346D3
:103300002146179A039800F0A9F90544002706E022
:1033100001A85246C05D179990476D1C7F1C4F4510
:10332000F6DBE0030CD553462146179A039800F0CC
:1033300095F9054404E030205246179990476D1CDA
:103340000099481E00900029F5DC08E002980299D7
:1033500052460078491C0291179990476D1CBBF1A9
:103360000001ABF1010BF1DC5BE100F065F9054414
:10337000761C307800287FF40DAE19B02846BDE8E1
:10338000F08F0000092801003031323334353637F0
:1033900038396162636465660000000030313233A1
:1033A0003435363738394142434445460000000041
:1033B000600700D4062708F1070020F00700F0E8B6
:1033C0000223804603F0004C5FEA0C0001D097A076
:1033D00009E0200501D596A005E0E00701D095A001
:1033E00001E0AFF24C001390307823F000436528E1
:1033F0000CD006DC452809D046281DD047287FD1AF
:103400003BE0662818D067287AD136E00021112FDA
:1034100001DB112000E0781CCDE9000104A90CA813
:10342000FFF7E6FCDDE90D010C9A4FF0000B07F108
:103430000109109200914EE04FF000400097CDE955
:10344000011004A90CA8FFF7D3FCDDE90D020C9BC9
:103450000F994FF0000B91461093009211B9791C0F
:1034600000EB0109B7EB090003D4C0F1FF3B07F102
:103470000109A9EB0700019042E0012F00DA0127C2
:103480000021112F01DD112000E03846CDE90001B7
:1034900004A90CA8FFF7ACFCDDE90D010C9A009122
:1034A0004FF0000BB946109221070FD4009A4A45FD
:1034B00003DA914601E0A9F10109B9F1010F05DD37
:1034C000109AA9F10101515C3029F4D0B84202DA16
:1034D00010F1040F03DA0121CDE9011010E00028FA
:1034E00003DC8344A9EB000102E0411C494500DDF7
:1034F0008946A0EB0B00401C01904FF00040029069
:10350000200705D40198484502DB4FF0FF300190B9
:1035100000208DF84B0002980DF14B07B0F1004FE1
:1035200025D002200C902B200D90029800280CDA58
:10353000404202902D200D9007E00A210298FDF7ED
:10354000B7F83031029007F8011D0C99481E0C9015
:103550000029F2DC02980028EFD1791E0D9808703E
:10356000307800F0200040F0450007F8020D11A867
:10357000C01BC01D02901398007800B1012000EB21
:103580000901019801EBE071029801440398401A87
:10359000401E0390E00306D453462146179A039831
:1035A00000F05CF805441398007818B1524617995A
:1035B00090476D1CE00323D553462146179A039884
:1035C00000F04CF805441BE0BBF1000F07DB00984E
:1035D000584504DD1098179910F80B0001E0179971
:1035E00030205246904701980BF1010B401E05F127
:1035F0000105019004D12E205246179990476D1C69
:10360000B9F10001A9F10109DEDC05E017F8010BB1
:103610005246179990476D1C0299481E0290002946
:10362000F4DC53462146179A03989EE62D000000CD
:103630002B000000200000002DE9F0410446002589
:103640001E461746880404D405E039462020B047BA
:103650006D1C641EF9D52846BDE8F0812DE9F041C6
:10366000044600251E469046C80301D5302700E0D9
:103670002027880404D505E041463846B0476D1C34
:10368000641EF9D52846BDE8F081D0F8C000037863
:103690002BB909B1C06A00E0806A022801D0104647
:1036A0007047501C704700002DE9F0410C464768F8
:1036B0001646204920A0FFF795FA20A0FFF792FABE
:1036C0004FF47A70B6FBF0F0616894F9002048433B
:1036D00000F18050450F0B21384606F013FD002203
:1036E0000C21384606F00EFD207B00B1012040EA97
:1036F00045020D21384606F005FDA06808F07EFF62
:1037000000F007020F21384606F0FCFC20691C215E
:10371000B6FBF0F2384606F0F5FC606908F06EFF83
:103720004007020F1D21384606F0ECFC0020BDE8E2
:10373000F0810000D0F70008257300000A000000A7
:103740002DE9F84314461346074688460A46D0F842
:103750000490334933A0FFF745FA37A0FFF742FA48
:103760004FEA8870050E284608F034FC034664B121
:10377000002000902A4623214846FFF766FA4FF4BE
:103780009970844203DA044604E00120F1E7B4F5BD
:10379000EC6F0ADAA4F599704FF47A71484340F25D
:1037A0007C5190FBF1F5002609E0A4F2E1604FF4B2
:1037B0007A71484340F22C7190FBF1F50C2640F2EF
:1037C000FF30854200D215B1854200D30546B8F1DD
:1037D000010F06D0B8F1020F12D06FF01500BDE84E
:1037E000F883AA081821484606F08CFC05F003026D
:1037F00032431A21484606F085FCA7F89A410DE0AD
:10380000AA081921484606F07DFC05F00302324360
:103810001B21484606F076FCA7F89C410020DEE715
:10382000AAF700082573204441432564203D202544
:1038300064206D56000000000A000000F8B50C4638
:103840000646456829492A48FFF7CCF92848001D53
:10385000FFF7C8F9228801213046FFF771FF62881F
:1038600002213046FFF76CFFA079617A227A40EAA4
:1038700041006179800741EA4201800E01F00301B5
:1038800040EA8100E179A27A41EA420101F00301B4
:103890000843C043C6B23F2008F09CFB03463F22CA
:1038A000232128460096FFF7D0F9802008F092FBEC
:1038B000034620790090802226212846FFF7C5F98B
:1038C000E27A3021284606F01DFC227B3121284671
:1038D00006F018FC627B3221284606F013FCA27B1E
:1038E0003321284606F00EFC0020F8BDBCF7000886
:1038F000789D00087FB50C460068042301AA442186
:1039000006F0D0FB9DF807009DF80610000440EA81
:1039100001209DF805109DF804500843A4FB0010F9
:10392000CDE902104FF4FF12002302A808F01CFB9F
:10393000DDE90201E4FB0501CDE9020104B070BD3F
:10394000F0B51D4885B01546814233D840108142FC
:1039500030D30024CDE90214234602A82A6808F0D7
:1039600003FB4FF4FF17A0FB072CCDE9000101FB7F
:1039700007C1002300FB03102968029E4908511863
:103980006041CDE9001068462A6808F0EDFA009819
:1039900029683A46A1FB0010CDE9001000236846D3
:1039A00008F0E2FA2868DDE900127043401854413B
:1039B000CDE9000405B0F0BD80113C552DE9F04380
:1039C0000746D0F8009049A087B014460068134617
:1039D0000D460A460190464946A0FFF703F94EA05E
:1039E000FFF700F9E8099621A0FB0110CDE90410CA
:1039F000E00942010026334604A808F0B5FA04980D
:103A000019210C30B0FBF1F2521E402A6BDA012A68
:103A100000DC01224621484606F074FB032301AA7C
:103A20004A21484606F098FBE0224B21484606F022
:103A300069FB10224E21484606F064FBCDE9025690
:103A40002246002302A808F08FFA4FF4FF13A0FBD0
:103A500003C8CDE9040101FB0381002200FB021031
:103A600061081CEB01017041CDE90410029D224662
:103A7000002304A808F078FA2A4644214846049C0A
:103A800006F040FB22464321484606F03BFB220A53
:103A90004221484606F036FB220C4121484606F0FA
:103AA00031FB05223F21484606F02CFB01223F2135
:103AB000484606F027FB86224C21484606F022FBAA
:103AC00001224D21484606F01DFB05224D214846A6
:103AD00006F018FB012380225E21786800F050FA7E
:103AE00007B0BDE8F083402294E70000355BE800B2
:103AF000C0F9000825733A205261746520257520AD
:103B0000487A20506172656E742052617465202578
:103B10007520487A000000000A0000002DE9F041FD
:103B200004460E460A46214921A0FFF75BF823A070
:103B3000FFF758F840F2F5373946606806F0A8FA02
:103B40000546C4F8E4613EB1012E07D0022E22D012
:103B50006FF01500BDE8F08100211DE00021204636
:103B600002F03CFB0121204603F02BFA1221606891
:103B700006F08EFA410704D5000702D545F0800013
:103B800001E025F0800040F0010239466068BDE8A0
:103B9000F04106F0B7BA0121204602F01FFB0021D8
:103BA000204603F00EFA25F08102EEE7E5F4000866
:103BB00025733A206D6F6465202564000A000000BB
:103BC00070B506460D460A4600240D490DA0FFF7C4
:103BD00009F80FA0FFF706F886F8E8513DB1012D6E
:103BE00002D0022D03D101E0012400E00924224685
:103BF0007068BDE870404FF47D7106F083BA000034
:103C0000FAF4000825733A206D6F6465202564007E
:103C10000A0000002DE9FF4782B00EA9DDE91286F7
:103C200091E83006DDE9042307F0D4FA002835D105
:103C3000421E04E049184041CDE90410521CDDE960
:103C40000410184F01237F1A8341F3D2C8F80020D3
:103C5000DDE90401C6E9000122462B4604A808F06C
:103C600083F9114ECDE90001A0FB062701FB067187
:103C7000002300FB031069084FEA3403D2184841BF
:103C8000CDE9002022462B46684608F06DF90498DD
:103C9000C9F800000098CAF80000002006B0BDE88E
:103CA000F087000000BCA065F1FF7F002DE9FF4F09
:103CB00091B00025012091466C1E0E909B462E4629
:103CC0002746DDF878801C227C4906A8FCF7C3FA59
:103CD000119890F8540108B1012002E0119890F871
:103CE00092018246119890F8550108B1012002E036
:103CF000119890F890010590B9F1010F04D0B9F135
:103D0000000F0BD06EA10AE012990AFB01F06E4978
:103D1000B1EBC00FF6D9002081460E906BA1CDE922
:103D200000A166496CA02339059B129AFEF75AFF41
:103D300077A0FEF757FF77491298884205D900BF50
:103D40006FF0150015B0BDE8F08F02460598129986
:103D50004243119801FB0AF190F8560108B1022084
:103D600000E00120414348460DF1180E6A4B4AE03D
:103D70000EEB8005DFF850C195F90060CCF1000C26
:103D800006FB01F55643AC449C453BD8AE4203D9F3
:103D9000B6FBF5F1494201E0B5FBF6F15F4A954209
:103DA00006D80446012900D10021671A2E4614E0E6
:103DB0006E080446042802D0052804D007E0002934
:103DC00005DB07270FE0002901DB012200E00222CA
:103DD0001019012900D10021471A072F03D2002C06
:103DE00001DB062C27DDB9F1070F0FD20E9868B161
:103DF000CDF80080DDE9110109F101025B46FFF712
:103E000055FF9FE7401C0728B2DBECE7072F03D2E2
:103E1000002C01DB062C0EDD2B48854201D240A28E
:103E200000E045A225494AA02339FEF7DBFE38A071
:103E3000FEF7D8FE84E74021A5FB0102DFF83CC174
:103E400049080023BCEB000C934101D20229F3D2B4
:103E5000CBE900050EEB84020EEB870192F90130ED
:103E6000B5FBF3F3CBF8083092F90240B3FBF4F35F
:103E7000CBF80C3092F90320B3FBF2F2B2FBFAF369
:103E8000CBE90423C8E9000691F90100B6FBF0F084
:103E9000C8F8080091F90220B0FBF2F0C8F80C0055
:103EA00091F90310B0FBF1F0C8F810000599B0FBD0
:103EB000F1F10020C8F8141044E700007CF8000875
:103EC0004E6F6D696E616C0040787D01486967686E
:103ED000657374204F53520025733A2072657175D3
:103EE000657374656420726174652025752054586B
:103EF00046495220696E7420257520525846495211
:103F000020646563202575206D6F6465202573002E
:103F10000A0000000080A903C027A82400D01213C3
:103F200041444320636C6F636B2062656C6F772044
:103F30006C696D69740000004242504C4C20726103
:103F400074652061626F7665206C696D697400002C
:103F500025733A204661696C656420746F20666938
:103F60006E64207375697461626C6520646976693A
:103F7000646572733A2025730000000080113C557F
:103F80002DE9F0471D4691460F46064641F288341A
:103F90004FF49668484608F01DF803464A463946ED
:103FA0007068FEF73FFEA84202D10020BDE8F0870E
:103FB000162F10D05FF0780009F04EFF641EE9D292
:103FC0004A46394605A0FEF70DFE0DA0FEF70AFE93
:103FD0006FF06D00EAE74046EEE7000043616C6970
:103FE00062726174696F6E2054494D454F5554207B
:103FF00028307825582C20307825582900000000DA
:104000000A00000070B50D46044601F0BDFDA06831
:10401000E1686843B0FBF1F070BD000070B5044684
:10402000106801251646884206D801EB5001B1FB05
:10403000F0F0C4E902050EE000EB5100B0FBF1F036
:10404000C4E9025038B90A490AA0FEF7CBFD0EA018
:10405000FEF7C8FDE5600021204604F05FFE002861
:1040600005DB3068E168B0FBF1F0A168484370BD42
:1040700088F9000825733A206469766964652062CE
:1040800079207A65726F00000A0000002DE9F04186
:104090001546134604460E460A46134913A0FEF77A
:1040A000A1FD1BA0FEF79EFD0127AE4206D306EB45
:1040B0005500B0FBF5F0C4E902070EE005EB560031
:1040C000B0FBF6F0C4E9027038B9074911A0FEF759
:1040D00089FD0FA0FEF786FDE7602046BDE8F041B0
:1040E000012104F01BBE0000A5F9000825733A2049
:1040F0005261746520257520487A20506172656E82
:1041000074205261746520257520487A00000000F3
:104110000A00000025733A206469766964652062AC
:1041200079207A65726F00002DE9F04104460D4652
:104130000A464768104911A0FEF754FD13A0FEF788
:1041400051FD0521384600F08DFC012D10D00022D4
:10415000207C13280ED00021384606F0D3F8060044
:1041600000D4A560384600F027FD3046BDE8F08158
:104170000122EDE70121EFE73FFA000825733A201D
:10418000696E646578202564000000000A00000064
:104190002DE9F0410546DDE90674142008F0A8FC7D
:1041A00006006FF00B081AD0377474746868C6E99B
:1041B000000505EB8700C665082008F099FC04009F
:1041C00014D0142F22D2DFE807F01919191B242666
:1041D000282A2C262E3032343A3C42464A4A22A023
:1041E000FEF700FD2FA0FEF7FDFC02E0304607F0D1
:1041F00015FF4046BDE8F041FCF76ABEA86819E02B
:10420000E86841683046FFF775FB60602046BDE80E
:10421000F081A8690EE0E8690CE0286A0AE0686AA3
:1042200008E0A86A06E0286B04E0686B02E0A86B6F
:1042300000E0E86B41683046FFF7E4FEE5E72869F7
:1042400000E068694168304603F076FBDDE7D5F8A9
:10425000C000806ED9E7D5F8C000006FD5E73046C2
:1042600003F078FDD1E700006164393336315F63D4
:104270006C6B5F72656769737465723A20636F7502
:104280006C64206E6F7420616C6C6F636174652068
:10429000666978656420666163746F7220636C6B15
:1042A000000000000A0000002DE9F74F0446A0B00E
:1042B000D4E97750009000200C900D90F64892467B
:1042C00009AE07C886E80700F34953461339F3A03F
:1042D000219AFEF787FCF7A0FEF784FC4FF480419B
:1042E000009807F033F81E90D4F8C000C17C022972
:1042F00002D05FEA8A610ED590F8F7200621606847
:1043000005F000FFD4F8C000072190F8F82060689D
:1043100005F0F8FE5BE10121204606F0DDF95FEAD9
:104320004A7003D50021204603F0C4F85FEA0A7002
:1043300003D50121204603F0BDF8D4F8C000407831
:10434000C8B10521204600F08DFB204600F034FC6A
:1043500028684668042E00DD042602212046FFF767
:104360002FFC4FF0000840F2044B202101A8FBF77E
:104370008BFF00207CE000220121204604F064FE37
:104380000A21204600F06EFBE2E7219878B1D4F8CC
:10439000C00090F8F610C9060DD4007858B11198F5
:1043A00009A951F820004108204605F061F90020D4
:1043B000054610900BE0119909A850F82110F3E779
:1043C0000025109818B105F00F00002201E0002030
:1043D0002A4660F31F1208F10601606805F092FE9C
:1043E000002706E00BEB87110622009806F0EBFF92
:1043F0007F1CB742F6DB042008F0B0FBB8F1010FD8
:1044000005D05C21009806F0A1FFC0070DD0002761
:10441000B94607E00BEB8711009806F097FF40EADA
:1044200009097F1CB742F5DB01E04FF00109109943
:1044300001A800EB0110415D41EA090141556D1CE5
:10444000102DBEDB1098401C10900228B8DB5FEAEC
:104450008A700BD5219848B1B8F1000F01D0012224
:1044600000E0002201A9204600F036FA1198401C15
:104470001190219808B1032100E001211198814297
:1044800083D80EAA102101A800F070FE05460FAADD
:10449000102105A800F06AFE074655EA070007D07C
:1044A0005FEACA7026D0B8F1000F1ED001221DE0CD
:1044B000B8F1000F01D0012200E0002201A920463E
:1044C00000F00AFAB8F1000F01D07BA200E07BA255
:1044D00071497BA01339FEF785FB76A0FEF782FBBE
:1044E0000C9860F004000C9004E0002201A9204622
:1044F00000F0F2F9AF4205D90F9800EB5700000722
:10450000020E04E00E9800EB550000F00F0208F1D7
:104510000601606805F0F6FDB8F1000F17D05FEAFC
:104520000A7003D50121204600F04EF900212046F3
:10453000FFF7F4FA1E980821B1EB104F05D944F2A9
:1045400048010D9A009806F03EFF0025F3E05FEA6F
:104550004A7003D50021204600F036F9002120469C
:10456000FFF72EFB02224021009806F02CFF0322C9
:104570004021009806F027FFD4F8C000C07C012835
:104580000BD001212046FFF7C9FA032244F2400173
:10459000009806F018FF002564E05FEACA6007D4BF
:1045A0000621606805F074FDD4F8C01081F8F700AA
:1045B000D4F8C000417831B98279204604F044FD36
:1045C000204600F0F9FA0021204606F085F8002088
:1045D00023B0BDE8F08F00BF4FF4806000EB85177B
:1045E0003946009806F0B2FE1AA940F2512241F86D
:1045F00025003946009806F0E6FE09222946009873
:1046000006F0ABFE44F2144000EB85118946009899
:1046100006F09CFE014616A840F825101E990720BA
:10462000B0EB114F18D244F2184000EB85110F4641
:10463000009806F08BFE12A9092241F825003946A0
:10464000009806F0C0FE49460022009806F0BBFE26
:10465000012244F2440101E049460122009806F09B
:10466000B2FE6D1CB542B7DB1E980821B1EB104FAE
:104670000ED944F248052946009806F067FE0D90D1
:1046800020F00F0040F001022946009806F09BFE42
:1046900008F1010869E6000070FB000825733A2064
:1046A0006672657120257520666C616773203078AD
:1046B00025580A000A000000545800005258000013
:1046C00025733A2054756E696E6720257320464124
:1046D000494C4544210000001AA850F825204FF409
:1046E000806000EB8511009806F06DFE00222946DF
:1046F000009806F032FE1E980721B1EB104F0FD242
:1047000012A850F8252044F2184000EB85110098BB
:1047100006F059FE012244F24401009806F053FECF
:1047200016A850F8252044F2144000EB851100989B
:1047300006F049FE6D1CB542CEDB0C98401D17D02B
:104740005FEACA600FD40621606805F0A1FCD4F8C6
:10475000C01081F8F7000721606805F099FCD4F8D3
:10476000C01081F8F800D4F8C0004178A9B11BE06E
:10477000D4F8C000062190F8F720606805F0C2FC6C
:10478000D4F8C000072190F8F820606805F0BAFC62
:1047900021980028E7D10C90E5E78279204604F0C3
:1047A00053FC204600F008FA02224021009806F04F
:1047B0000AFE03224021009806F005FE0021204653
:1047C00005F08AFF0C9803E72DE9F04F8B46D0E9FE
:1047D0007710824608688FB04568042D00DD0425F7
:1047E0004FF0000940F2044800265B463246494635
:1047F000504602F0F5FB012008F0B0F9002406E075
:1048000008EB84110622504606F0DDFD641CAC4224
:10481000F6DB0A2008F0A2F900273C4607E000BFBB
:1048200008EB8711504606F091FD04437F1CAF4210
:10483000F6DB07A88455761C202ED6DB05AA20219E
:1048400000F094FC044605985B4600EB5402494690
:10485000504602F0C5FB0599BBF1000F01EB540077
:10486000CDE9001001D00AA100E00AA123464A4682
:1048700009A0FEF7B7F917A0FEF7B4F909F101098D
:10488000B9F1070FB0DB0FB00020BDE8F08F0000DA
:1048900054580000525800002573204C616E65206A
:1048A00025642C2077696E646F7720636E742025F1
:1048B00075202C2073746172742025752C20494F4B
:1048C00044454C41592073657420746F2025750A46
:1048D000000000000A0000002DE9F0410E461446D9
:1048E000C16F06F01FFF01460CB119A200E019A22A
:1048F00019A0FEF777F91FA0FEF774F900242146EE
:104900001DA0FEF76FF9641C102CF8DB18A0FEF751
:1049100069F90024214618A0FEF764F9002506EB8A
:104920000417785D08B1232100E06F2113A0FEF782
:1049300059F96D1C102DF4DB0DA0FEF753F9641C22
:10494000022CE7DBBDE8F04109A0FEF74BB90000FF
:10495000545800005258000053414D504C20434CD5
:104960004B3A2025752074756E696E673A20257361
:104970000A0000002020000025783A00256320006E
:1049800070B51646134604460D460A461E491FA03A
:10499000FEF728F922A0FEF725F900231A4619464A
:1049A000204605F035FC00282CDB0521204600F0D0
:1049B00059F8022D0CD0102D16D1D4F848013346E9
:1049C0004208D4F844014108204605F0B7FE0BE048
:1049D0002046D4F8A41006F0A5FE00F0EFFB024636
:1049E0000B46204602F0E8FE94F8983194F89621A0
:1049F00094F89711204605F00BFC0546204600F080
:104A0000DBF8284670BD00001FF9000825733A2026
:104A100043414C2025752041524720256400000069
:104A20000A000000F8B506468807040E1546204621
:104A300007F0D0FA03460095224603217068FEF77E
:104A400004F9F8BDF8B506468807040E1546204659
:104A500007F0C0FA03460095224602217068FEF76F
:104A6000F4F8F8BD2DE9F041054647680E460F20E1
:104A700007F0B0FA03460F2217213846FEF7D2F8A6
:104A8000C4B285F8C440B44202D1314623A021E02B
:104A9000324621462DA0FEF7A5F836A0FEF7A2F873
:104AA0001421384605F0F4FAC10603D520F01000B1
:104AB000012100E0002185F815110CB120F0010062
:104AC000052E10D0062E08D0082E09D00A2E04D0AC
:104AD000314629A0FEF786F818E040F0200406E0F1
:104AE00040F0400403E020F0600040F0050405229F
:104AF0001421384605F006FB22461421384605F0FD
:104B000001FB002807D026A0FEF76CF8BDE8F041B5
:104B100018A0FEF767B8BDE8F08100004E6F74681A
:104B2000696E6720746F20646F2C206465766963FA
:104B30006520697320616C726561647920696E20FB
:104B40002564207374617465000000004465766913
:104B5000636520697320696E202578207374617401
:104B6000652C20666F7263696E6720746F202578EC
:104B7000000000000A0000004E6F2068616E646C47
:104B8000696E6720666F7220666F7263696E672058
:104B9000256420656E736D20737461746500000078
:104BA0004661696C656420746F20726573746F72FE
:104BB000652073746174650070B5466805461421FC
:104BC000304605F065FA95F8C41020F06500082914
:104BD00010D004DC052910D0062904D107E00A29E9
:104BE00005D0FF2917D017A0FDF7FCFF24E040F007
:104BF000200404E040F0400401E040F001040522FC
:104C00001421304605F07EFA22461421304605F084
:104C100079FA70B901E014A00CE095F815010028AC
:104C20000FD044F010021421304605F06BFA002832
:104C300007D018A0FDF7D6FFBDE870401DA0FDF716
:104C4000D1BF70BD436F756C64206E6F7420726548
:104C500073746F726520746F20256420454E534D28
:104C600020737461746500004E6F206E656564206A
:104C7000746F20726573746F72652C20454E534DAE
:104C8000207374617465207761736E27742073617B
:104C9000766564004661696C656420746F20777284
:104CA00069746520454E534D5F434F4E4649475FFB
:104CB000310000000A0000002DE9F8430F4690463D
:104CC000044690F8C510D0F8049000263A4691A00A
:104CD000FDF788FF98A0FDF785FF94F8C5008028B0
:104CE0001CD1D4F8C000007900B1102040F00702B8
:104CF0000921484605F006FA142009F0ADF805220E
:104D00001421484605F0FEF901220021204605F055
:104D1000C1FB01221146204605F0BCFBD4F8C010AF
:104D2000487908B1002000E008205FEA080200D0BE
:104D30001022104394F8992102B18022104340F0D0
:104D400001056FF01500082F12D005DC9FB3052F69
:104D500032D0062F04D106E00A2F12D0802F36D091
:104D6000394676A074E045F0200503E0064611E0E0
:104D700045F040054A7842B994F8C520052AF5D196
:104D80001EE04A7845F02005AAB9064694F8C50009
:104D9000052857D015F0600F54D025F0600040F082
:104DA00005021421484605F0ADF905230F2217210D
:104DB0002046FFF7E5F803E025F0600040F0050528
:104DC000D4F8C000417851EA080147D062E00022DF
:104DD0001146204605F05EFB00220121204605F029
:104DE00059FB00221421484605F08CF9D4F8C00084
:104DF000407808B1202200E040221421484605F006
:104E000081F92046E16E06F08DFC5649B1FBF0F0C9
:104E100009F022F800221421484605F073F9012018
:104E200009F01AF8D4F8C000007908B1102200E0A7
:104E300000220921484605F065F984F8C570002074
:104E4000BDE8F883487808B147A100E047A148A031
:104E5000FDF7C8FE38A0FDF7C5FE55E0007AC8B9D9
:104E6000062F01D0082F15D1102007F0B3F8034604
:104E7000062F25D000200090102215216068FDF734
:104E8000E4FE062F1ED040F24721012302222046D5
:104E9000FFF776F82A461421484605F033F9060054
:104EA00005D03EA0FDF79EFE23A0FDF79BFE680601
:104EB00028D594F8940140B194F8950128B121E0E7
:104EC0000120D8E740F28721DFE740F2071841468A
:104ED000484605F0DDF800F03F0594F89401A8B1CC
:104EE0005FF0000045EA000294F8950180B10020CF
:104EF00002434146484605F005F92A4641464846E0
:104F000005F000F984F8C570304699E74020E9E7DC
:104F10008020EDE744657669636520697320696EDA
:104F20002025782073746174652C206D6F76696E0E
:104F30006720746F202578000A0000004E6F2068FB
:104F4000616E646C696E6720666F7220666F726353
:104F5000696E6720256420656E736D2073746174BB
:104F6000650000000060E3164644440054444400D9
:104F7000496E76616C696420454E534D20737461AF
:104F80007465207472616E736974696F6E20696EE6
:104F9000202573206D6F6465000000004661696C18
:104FA000656420746F20726573746F72652073740A
:104FB000617465002DE9F84F1F0093460E460446C4
:104FC00001D050A000E051A000900EB152A200E02C
:104FD00052A25B46524953A0FDF704FE57A0FDF7CD
:104FE00001FE16B14025012001E00025022004EB5E
:104FF0000609804699F8A90100B1012037EA0001AD
:105000004FF0010A2FD0D4F8C00016B1D0F88C00B0
:1050100001E0D0F88800FA21B0FBF1F205F25B2143
:10502000606805F06FF80BF007000AEB4012574676
:1050300005F25A21606805F065F8002205F25F214B
:10504000606805F05FF8404606F0C4FF034600972D
:10505000424615216068FDF7F8FD002231462046E2
:1050600005F018FA4BE0B84349D0002205F25A2166
:10507000606805F047F8802006F0ACFFCDF800A08E
:105080000346574605F2362180228A466068FDF7BE
:10509000DCFD012006F09EFF0097D4F804C0034613
:1050A00005F50E7101220F466046FDF7CEFD80200A
:1050B00006F090FF00250346009580225146606867
:1050C000FDF7C3FD012006F085FF0095D4F804C06C
:1050D0000346012239466046FDF7B7FD01223146FD
:1050E000204605F0D7F9404606F074FF03460095C8
:1050F000424615216068FDF7A8FD89F8A9510020F6
:10510000BDE8F88F5072657061726500556E2D5064
:1051100072657061726500005458000052580000BA
:10512000C3F8000825733A2025732050726F666912
:105130006C652025753A2025730000000A000000E8
:1051400070B50546002401B1402402F007001A465C
:1051500060F31F1204F51771284604F0D3FF04F220
:105160005E212846BDE8704004F092BF2DE9F0476B
:10517000002492468146621E2046254623469046DC
:10518000264609E019F803709FB1844201DD2046EC
:105190001546424600245B1CDF17B3EB010CB741F8
:1051A000F0DB844201DD20461546CAF80050BDE818
:1051B000F087571C00D11A46641CECE70021001848
:1051C000494170472DE9F84F0C460746D0F804A036
:1051D000FD49FEA0FDF706FDFDA0FDF703FD2078CB
:1051E000E021032802D06278032A00D1F0216278FE
:1051F00087F8940102F00303024663F39F0260788C
:105200000A4387F89501FA21504604F07BFF0120FC
:1052100006F0E0FE0346E07B00900122FB215046B1
:10522000FDF713FD022006F0D5FE0346207C00901A
:105230000222FB215046FDF708FD042006F0CAFEBD
:105240000346607B00900422FB215046FDF7FDFCE5
:10525000A07808280DD2012800D80120A070401E97
:1052600000F00701D7F8C000C07868B1E07B20B932
:1052700001E00820F2E7207C30B1E07C012803D077
:10528000022817D041F00801607C082815D20128B7
:1052900000D801206074401E00F0070041EA40126F
:1052A000FC21504604F02EFFD7F8C000C07830B182
:1052B000282505E041F01001E6E70820EAE74C2543
:1052C0002A46FD21504604F01DFF2A4640F20911EE
:1052D000504604F017FF2A464FF48671504604F0FA
:1052E00011FFA07C082824D2012800D80120A07436
:1052F0004007020EFE21504604F004FF607B58B1C7
:1053000094F82500A27B00F0070060F35F124FF4D1
:105310008071504604F0F6FE2279E0784FF48271F5
:105320004D1C824207D30246504604F0EBFE227920
:1053300005E00820DBE7504604F0E4FEE278294669
:10534000504604F0DFFEE0884FF0FF3505EB101209
:105350003F2A00D33F224FF48471504604F0D2FE1E
:10536000208905EB10153F2D00D33F253F2006F087
:1053700031FE03463F2240F2071150460095FDF7EB
:1053800064FCD7F8C000C07888B158224FF485710A
:10539000504604F0B7FE182240F20D11504604F0BA
:1053A000B1FE27224FF48D71504604F0ABFE00226F
:1053B00040F20B11504604F0A5FE00224FF4877115
:1053C000504604F09FFE207B402800D3402042003E
:1053D0004FF48A71504604F095FE00228121504618
:1053E00004F090FE402006F0F5FD4FF4AE78034641
:1053F000012640224546414650460096FDF725FCD1
:10540000202006F0E7FD034620222946504600965C
:10541000FDF71BFC207801282AD06078012827D0CE
:105420006089000907F0EAF805460F2006F0D2FD72
:1054300003460F22414650460095FDF706FCE57DE8
:105440007F2D00D37F25A8467F2006F0C3FD0346AD
:105450007F2240F2011150460095FDF7F6FB657E74
:105460007F2D00D37F2594F8200018B1802202E020
:10547000206BD6E700222A434FF49071504604F087
:1054800041FE617DA8EB0100E17E00F00F004A1BA8
:1054900060F31F1240F22911504604F033FEA07D44
:1054A000227F00F00F0060F31F124FF495715046F9
:1054B00004F028FE94F82C0000B1082094F82D1078
:1054C00001B18021084314F8181F01F0070140EAD8
:1054D0000112A07840F2231100F007000243504669
:1054E00004F010FEA079627900F00F0060F31F1243
:1054F0004FF49171504604F005FE0F2006F06AFD4E
:105500000346E0790F2200F00F0000904FF4837102
:105510005046FDF79AFB607AA27A00F00F0060F324
:105520001F1240F22111504604F0ECFD1C2006F041
:1055300051FD0346E07A00901C2240F203115046D0
:10554000FDF783FB207B00F00F02A07B183C00B12D
:10555000102002434FF49471504604F0D3FD012013
:1055600006F038FD034614F8380F4FF488780090A1
:10557000012241465046FDF768FB627840F21B115C
:10558000504604F0BFFDA578383C6D1E072D00D3B2
:105590000725E02006F01EFD0346E02240F2171129
:1055A00050460095FDF751FB402006F013FD94F89E
:1055B0003C10034640F211190091402249465046E2
:1055C000FDF743FB06E000009AF700082573000092
:1055D0000A00000094F83D503F2D00D33F253F20A6
:1055E00006F0F8FC03463F224FF48C7150460095BC
:1055F000FDF72BFB94F83E50032D00D30325C0206C
:1056000006F0E8FC0346C0224FF48971504600952D
:10561000FDF71BFB94F83F50032D00D30325C0205A
:1056200006F0D8FC0346C02240F213115046009504
:10563000FDF70BFB94F84050072D00D30725E02021
:1056400006F0C8FC03464FF48B7BE02259465046D7
:105650000095FDF7FAFA802006F0BCFC94F84110A2
:1056600003460091802241465046FDF7EEFA94F839
:105670004250102006F0AEFC0346012D3FD0002022
:105680000090102241465046FDF7DFFA042006F054
:10569000A1FC0346022D34D0002000900422414694
:1056A0005046FDF7D2FA802006F094FC034694F8A9
:1056B00043000090802249465046FDF7C6FA94F810
:1056C00044500F2D00D30F250F2006F083FC034616
:1056D0000F22594650460095FDF7B7FA94F8450059
:1056E00058B194F8470040B194F84B0028B194F8B1
:1056F0004C0010B194F84D0028B1012504E00120C0
:10570000BEE70120C9E70025402006F063FC034600
:105710004022FB2150460095FDF797FA94F845008A
:10572000E0B30025802006F055FC0346802240F2BD
:10573000151150460095FDF788FA94F846503F2D14
:1057400000D33F253F2006F045FC03463F2240F2B0
:10575000131150460095FDF778FA94F849503F2D03
:1057600000D33F253F2006F035FC03463F224FF48F
:10577000897150460095FDF768FA94F8485040202A
:1057800006F028FC03464022414650460095FDF7AE
:105790005CFA94F84700E8B3002500E049E00820EF
:1057A00006F018FC03460822414650460095FDF7D6
:1057B0004CFA94F84A503F2D00D33F253F2006F085
:1057C00009FC03463F2240F2191150460095FDF7AF
:1057D0003CFA94F84B0070B394F84C0058B3002591
:1057E000022006F0F7FB0346022241465046009590
:1057F000FDF72BFA94F84B0010B30025802006F03B
:10580000E9FB034680224FF48A7150460095FDF76C
:105810001CFA00E010E094F84D00002578B394F8ED
:105820004E0078B101282BD002283BD0032858D154
:1058300060E0012576E701E00125AEE70125CFE72D
:105840000125DBE7202006F0C5FB03462022494660
:1058500050460096FDF7F9F9202006F0BBFB034601
:1058600020224646414650460095FDF7EEF940207D
:1058700006F0B0FB03464022314600952EE039E0A9
:10588000202006F0A7FB03462022494650460095FB
:10589000FDF7DBF9202006F09DFB03462022414660
:1058A00000961BE0202006F095FB03462022494687
:1058B00050460096FDF7C9F9202006F08BFB034601
:1058C00000952022454641465046FDF7BEF940204E
:1058D00006F080FB03464022294600965046FDF71D
:1058E000B4F994F84F00000906F088FE0F2813D28F
:1058F000044612E0202006F06DFB034620224146BC
:1059000050460095FDF7A1F9202006F063FB034601
:10591000202249460095E1E70F24E02006F05AFBDB
:105920000346E0224FF4857150460094FDF78DF94F
:10593000802006F04FFB0346E0080090802240F2F2
:1059400009115046FDF781F93846BDE8F84F00F0DF
:1059500001B800002DE9FC5F05464068019028462B
:10596000A96F05F0DFFE06464FF4FA70B6FBF0F0C3
:10597000804AD5F8C010B2FBF0F2D1F80441C8203B
:10598000604302EB50004FF47A7900F2E730B0FB4D
:10599000F9F091F8A8100844C7B21F2F03D210F0F5
:1059A000FF0F03D101E01F2700E000273F2006F092
:1059B00011FB03463F22222100970198FDF745F98C
:1059C0008046B6FBF9F0DFF8B0A104F1640148436A
:1059D00000EB0A010AF1010BB1FBFBF0401CC7B25E
:1059E0001F2F03D210F0FF0F03D101E01F2700E0AB
:1059F00000271F2006F0EEFA03461F22FE21009723
:105A00000198FDF722F940EA08074FF4FA60B6FB67
:105A1000F0F0C83400FB04A1DA46B1FBFAF0C01D77
:105A2000C4B21F2C03D210F0FF0F03D101E01F24DA
:105A300000E000241F2006F0CDFA03461F2240F2AA
:105A4000111100940198FDF700F940EA0708B6FB30
:105A5000F9F06FF07C0114FB01F1484A02EB0112EE
:105A6000D5F8C010D1F8BC3003FB00204FF4FA6227
:105A700000F57A70B0FBF2F44148844200D214B1D0
:105A8000844200D3044695F89401012835D095F856
:105A90009501012831D02846E96F05F043FE06EB59
:105AA00050072846E96F05F03DFEB7FBF0F16200B4
:105AB000B2FBF1F2D5F8C000B0F89E00B2FBF0F2F4
:105AC000022A01D2B4FBF1F0000906F097FD074667
:105AD0000F2006F07FFA03460F224FF4AE710097B5
:105AE0000198FDF7B2F8202006F074FA4FF4803BDD
:105AF00003465C4504D3012003E0D1F8C400E3E78A
:105B00000020009020224FF494710198FDF79DF839
:105B100040EA08075C4500D36408E2B24FF4927192
:105B2000019804F0EFFA40EA0708220A40F2251132
:105B3000019804F0E7FA40EA0804B6FBF9F0D5F85A
:105B4000C010104AD1F8C81001FB0021B1FBFAF5D2
:105B50001F2D00D31F251F2006F03CFA03461F22ED
:105B600040F2171100950198FDF76FF82043BDE84A
:105B7000FC9F0000809FD5003F420F0030F8FFFFE0
:105B8000FFFF010020A107002DE9F0470446076848
:105B9000007C002601254FF42B786FF015090E28A4
:105BA00037D2DFE800F0070E253639444A585E6ADE
:105BB00071777D844521384604F06AFA00F00300CD
:105BC0001FE0012006F006FA0346012240F2AB2155
:105BD0003846FDF727F80546802006F0FBF9034616
:105BE000802241463846FDF71DF840EA450008E0AE
:105BF0000C2006F0EFF903460C2241463846FDF72B
:105C000011F8002862D0012862D0022866D003284B
:105C100067D04846BDE8F0870A21384604F038FAD4
:105C200000F0070105FA01F0C4E9025023E030203A
:105C300006F0D0F90346302204E0082006F0CAF945
:105C40000346082203213846FCF7ECFF0121401CE3
:105C5000C4E902100FE0042006F0BCF90346042258
:105C6000F0E7032006F0B6F903220346114624E0CC
:105C70000120C4E902053046CCE7082006F0AAF965
:105C8000082203460A21DEE7302006F0A3F9034686
:105C900030220AE0082006F09DF90346082204E0BD
:105CA000042006F097F9034604220221CBE70320E3
:105CB00006F090F90322034602213846FCF7B2FFB2
:105CC00010B1401E8540D3E70125D1E7012009E04E
:105CD00001200221C4E9020100209BE701200421E8
:105CE000F8E702200121F5E72DE9F0478846144640
:105CF00005464FF000094668D0F8A41005F012FDE3
:105D0000FFF75CFA00F056FA07467F2006F062F9CA
:105D100003467F2241463046FCF784FF0146A060DF
:105D200007EB470005EBC000D0F8E020CC308A42FA
:105D300005DA891A4268C06801FB002500E0456861
:105D40001F2006F047F903461F2208F102013046E2
:105D5000FCF768FF656060614846BDE8F08790F831
:105D6000540118B100200870002070470120FAE7A4
:105D70002DE9F047D0F804909246804601290BD0D7
:105D800002290FD028A0FCF72DFF2CA0FCF72AFF3A
:105D90006FF01500BDE8F08700264FF42C77402403
:105DA000354604E00226802440F2B527042520462B
:105DB00006F010F90346224603214846FCF732FF5D
:105DC0006FF00A0448B1FA21484604F061F9F04046
:105DD00000F00300012804D015E019A0DAF8001043
:105DE0000AE040F2B321484604F052F9E84000F0DE
:105DF0000701052907D017A0FCF7F4FE0FA0FCF758
:105E0000F1FE2046C6E7D8F8C00052463946C078B1
:105E10000028404603D0BDE8F04700F08BB8BDE84D
:105E2000F047FFF761BF0000556E6B6E6F776E2015
:105E30005278207061746820257500000A00000007
:105E400052782575206973206E6F7420656E6162CB
:105E50006C6564004661696C656420746F207265CE
:105E60006164206761696E2C207374617465206DB4
:105E70002F6320617420257800000000084490F80A
:105E8000940110700020704710B50C46D0F8A41093
:105E900005F048FCFFF792F9C4E90001002010BDAD
:105EA000D0F84401086000207047000070B58AB047
:105EB0000C460646154624216846FAF7E5F9D6F859
:105EC000C000007808B9012C0DD0621C00213046BA
:105ED000FDF7DBFB01466A463046FFF749FF0199B3
:105EE00029600AB070BD034903A0FCF77BFE4FF0A8
:105EF000FF30F6E77BFA00082573203A205258322B
:105F000020697320616E20696E76616C6964206F10
:105F10007074696F6E20696E20317831206D6F6406
:105F200065210A0010B50C46C16F05F0FBFB20602F
:105F3000002010BD2DE9F0470646D0F80480144635
:105F40000D4600277F2006F045F803467F222946AC
:105F50004046FCF767FE4FF49879A06049464046FA
:105F600004F096F8824649464046A26804F0CAF812
:105F70004FF49A71404604F08BF8C0F3411100F0E1
:105F80001F00A1612062202006F024F80346202291
:105F900040F235114046FCF745FEE06196F81411D9
:105FA000184BA26903EB8103164ED256236A0C36B6
:105FB00006EB011159561144134A10565246084433
:105FC000E0604946404604F09DF81F2006F002F8C4
:105FD00003461F22691C4046FCF724FE20611F2057
:105FE00005F0F8FF03461F22A91C4046FCF71AFEE5
:105FF0006061D4E903121144084460603846BDE88A
:10600000F08700004CF40008A0DE000808B5012964
:106010000DD07621406802236A4604F043F8002838
:1060200004DBBDF80000FA2140BA484308BD7421E2
:10603000F0E7000070B50546D0F8C00014460078BF
:1060400008B901290DD04A1C01212846FDF71DFB86
:1060500001462846FFF7DAFF002801DB2060002018
:1060600070BD034903A0FCF7BDFD4FF0FF3070BDCC
:10607000F7FA00082573203A20545832206973201B
:10608000616E20696E76616C6964206F7074696FEF
:106090006E20696E20317831206D6F6465210A00B1
:1060A00090F8550118B100200870002070470120B9
:1060B000FAE710B50C46D0F8A81005F033FBFFF74F
:1060C0007DF8C4E90001002010BDD0F84801086047
:1060D0000020704710B50C46D0F8901005F022FB58
:1060E0002060002010BD000070B50C4645682E49A8
:1060F0002EA0FCF777FD2EA0FCF774FD2079A17986
:10610000A27A40EA4100217AE37A890041EAC20199
:1061100008436179E27900F00F0041EA4202617AB6
:10612000890041EAC3010A4360F31F122021284677
:1061300003F0E8FF20786178E27840EA4100A17836
:10614000890041EAC201084300F00F0227212846D6
:1061500003F0D8FF227B2821284603F0D3FF627B7F
:106160002C21284603F0CEFFA27B2921284603F0EC
:10617000C9FFE27B2D21284603F0C4FF227C2A219F
:10618000284603F0BFFF627C2E21284603F0BAFFA9
:10619000A27C2B21284603F0B5FFE27C2F21284664
:1061A00003F0B0FF002070BDFBF70008257300006E
:1061B0000A000000074B00221B1A8A4101D300206D
:1061C0007047054B0022181A8A4101D301207047FD
:1061D00002207047006D7C4D00286BEE2DE9F05FCA
:1061E000D0E977508A4683464FF4804105F0AEF8F7
:1061F00006464FF00709B9EB164F02D244F2184792
:1062000001E044F21447002427E000BF07EB8411AB
:106210008846584605F09AF80246B9EB164F0FD259
:10622000BAF1000F06D0082A06D005EB84004260C0
:1062300008220DE0082A0BD105EB8400426807E034
:10624000BAF1000F02D042F0020201E022F0020295
:106250004146584605F0B7F8641C28684068A042DB
:10626000D4DC0020BDE8F09F2DE9F04180460D46CA
:1062700000264FF4007007F0F8FD04006FF00B07E4
:106280007DD0FE486060082007F0EFFDA060002888
:10629000F6D04FF4B87007F0E8FDC4F8C00000284D
:1062A000EED0442007F0E1FDC4F8DC010028E7D07F
:1062B000082007F0DAFDC4F8E0010028E0D004600F
:1062C0002878207068786070A16868684860E87A0B
:1062D00000B10120D4F8C0104870287B00B1012023
:1062E000D4F8C0108870287A00B10120D4F8C0100A
:1062F0000870D4F8C010687A8862D4F8C010A87A00
:10630000C862687B00B10120D4F8C0100872A87B75
:1063100000B10120D4F8C0104872D4F8C0106869E8
:10632000C1F88800D4F8C0102869C1F88C00287E14
:1063300000B10120D4F8C01081F89000687E00B14F
:106340000120D4F8C01081F89100217800200229A2
:106350007ED0A97E01B10121D4F8C0209172E97EDE
:1063600001B10121D4F8C020D172D4F8C020297F16
:106370009173D4F8C020697FD173A97F00E0FDE359
:10638000D4F8C0201174D4F8C020E97F5174D4F837
:10639000C02095F82010917495F8211001B10121C9
:1063A000D4F8C020D170D4F8C020696A116695F87D
:1063B000281001B10121D4F8C020517395F829109B
:1063C00001B10121D4F8C020517195F82A1001B112
:1063D0000121D4F8C0209171D5E90C12D4F8C03055
:1063E000C3E91A12D5E90E12D4F8C030C3E91C1261
:1063F0005FF0300105EB860201EB8607D4F8C03070
:10640000126C761CDA51062EF4DB00215FF0480294
:1064100005EB810302EB8107D4F8C0609B6D491C3A
:10642000F3510629F4DBD4F8C020296F9167D4F822
:10643000C020696FD167D4F8C020A96F1162D4F869
:10644000C020E96F5162D5F88010D4F8C02000E078
:10645000FEE3C2F8801095F8841001B10121D4F850
:10646000C02082F8841022780121022A7DD095F87C
:10647000852002B10122D4F8C0301A71D4F8C0309E
:10648000D5F888209A61D4F8C030D5F88C20DA612C
:10649000D4F8C03095F8902083F89220D4F8C0301A
:1064A00095F8942083F89420D4F8C03095F895207E
:1064B00083F89520D4F8C03095F8962083F898207A
:1064C000D4F8C03095F8972083F89620D4F8C030DF
:1064D00095F8982083F89720D4F8C030B5F89A2022
:1064E000A3F89E2095F89C2002B10122D4F8C03078
:1064F00083F8A120D4F8C030B5F89E20A3F89A20E4
:10650000D4F8C030B5F8A020A3F89C20D4F8C0304F
:1065100095F8A22083F8A020D4F8C03095F8A320E5
:1065200083F8A220D4F8C03095F8A42083F8A620E0
:10653000D4F8C03095F8A52083F8A52095F8A620BA
:1065400002B10122D4F8C03083F8A32095F8A72027
:1065500002B10122D4F8C03083F8A420D4F8C030AE
:1065600095F8A82083F8A72000E0FCE3D4F8C03019
:1065700095F8A92083F8B220D4F8C03095F8AA2065
:1065800083F8B32095F8AB2002B10122D4F8C030D3
:1065900083F8B420D4F8C03095F8AC2083F8B1204B
:1065A000D4F8C03095F8AD2083F8B920D4F8C030C5
:1065B00095F8AE2083F8B820D4F8C030D5F8B020D4
:1065C000C3F8BC2095F8B42002B10122D4F8C03041
:1065D00083F8C02095F8B52002B10122D4F8C0306C
:1065E00083F8C120D4F8C03095F8B62083F8AB20EA
:1065F000D4F8C03095F8B72083F8AC20D4F8C03078
:1066000095F8B82083F8AD20D4F8C03095F8B920BB
:1066100083F8AE20D4F8C03095F8BA2083F8B520BE
:10662000D4F8C03095F8BB2083F8B720D4F8C03038
:1066300095F8BC2083F8B620D4F8C03095F8BD207A
:1066400083F8A920D4F8C03095F8BE2083F8AA209A
:10665000D4F8C03095F8BF2083F8AF20D4F8C0300C
:1066600095F8C02083F8B020D4F8C03095F8C42045
:1066700083F8A82095F8C8201AB101E03809002055
:106680000122D4F8C03083F8BA20D4F8C030D5F84D
:10669000CC20C3F8C420D4F8C030D5F8D020C3F83B
:1066A000C82095F8D42002B10122D4F8C03083F874
:1066B000CC20D4F8C03095F8D82083F8CD20D4F879
:1066C000C03095F8DC2083F8CE20D4F8C03095F89F
:1066D000E02083F8CF2095F8E42002B10122D4F81D
:1066E000C03083F8D020D4F8C03095F8E82083F883
:1066F000D120D4F8C03095F8EC2083F8D220D4F81B
:10670000C03095F8F02083F8D320D4F8C03095F845
:10671000F42083F8D42095F8F82002B10122D4F8AF
:10672000C03083F8D520D4F8C03095F8FC2083F829
:10673000D62095F8002102B10122D4F8C03083F8A8
:10674000D72095F8012102B10122D4F8C03083F896
:10675000D920D4F8C03095F8042183F8D820D4F893
:10676000C03095F8082183F8DA2095F80C2102B1A1
:106770000122D4F8C03083F8DB2095F80D2102B156
:106780000122D4F8C03083F8DC20D4F8C03095F86A
:10679000102183F8DD20D4F8C03095F8142183F857
:1067A000DE2095F8182102B10122D4F8C03083F818
:1067B000DF2095F8192102B10122D4F8C03083F806
:1067C000E02095F81A2102B10122D4F8C03083F8F4
:1067D000E120D4F8C03095F81C2183F8E220D4F8E9
:1067E000C03095F8202183F8E320D4F8C030D5F8E4
:1067F0002421C3F8E820D4F8C030D5F82821C3F804
:10680000F020D4F8C03095F82C2183F8E42095F8D6
:106810002D2102B10122D4F8C03083F8E520D4F84C
:10682000C030D5F83021C3F8EC20D4F8C030D5F80A
:106830003421C3F82021D4F8C030D5F83821C3F86A
:106840001C2195F83C2102B10122D4F8C03083F814
:106850002821D4F8C030B5F84021A3F8242195F8B8
:10686000442102B10122D4F8C03083F8292195F8DF
:10687000452102B10122D4F8C03083F82A2195F8CD
:10688000462102B10122D4F8C03083F82B21D4F87C
:10689000C03095F8482183F82F21D4F8C03095F8FE
:1068A0004C2183F83021D4F8C030B5F85021A3F83A
:1068B000262195F8542102B10122D4F8C03083F882
:1068C0002C2195F8552102B10122D4F8C03083F86B
:1068D0002D2195F8562102B10122D4F8C03083F859
:1068E0002E21D4F8C03095F8582183F83121D4F8FE
:1068F000C03095F85C2183F83221D4F8C030D5F847
:106900006021C3F81421D4F8C030B5F86421C3F86D
:106910001021D4F8C03095F8662183F80C2195F841
:10692000672102B10122D4F8C03083F81821D4F8CD
:10693000C03095F8682183F8FE20D4F8C03095F86F
:10694000692183F8FD20D4F8C030D5F86C21C3F854
:106950000421D4F8C030B5F87021A3F80021D4F890
:10696000C030B5F87421A3F8022195F8782102B15E
:106970000122D4F8C03083F8082195F8792102B1BA
:106980000122D4F8C03083F8092195F87A2102B1A8
:106990000122D4F8C03083F80A21D4F8C03095F829
:1069A0007B21DA74D4F8C03095F87C211A7595F8FB
:1069B0007D21D4F8C030D20183F8F42095F87E61AF
:1069C000D4F8C03042EA861283F8F42095F87F614B
:1069D000D4F8C03042EA461283F8F42095F880617A
:1069E000D4F8C03042EA061283F8F42095F88161A9
:1069F000D4F8C03042EAC60283F8F42095F88261E8
:106A0000D4F8C03042EA860283F8F42095F8836116
:106A1000D4F8C03042EA460283F8F42095F8846145
:106A2000D4F8C030324383F8F42095F88521D4F8A7
:106A3000C030D20183F8F52095F88661D4F8C030D3
:106A400042EA860283F8F52095F88721D4F8C03011
:106A5000D20183F8F62095F88861D4F8C03042EA74
:106A6000861283F8F62095F88961D4F8C03042EA9E
:106A7000461283F8F62095F88A61D4F8C03042EACD
:106A8000061283F8F62095F88B61D4F8C03042EAFC
:106A9000C60283F8F62095F88C61D4F8C03042EA3B
:106AA000860283F8F62095F88D61D4F8C03042EA6A
:106AB000460283F8F62095F88E61D4F8C030324350
:106AC00083F8F620D4F8C02095F8906112F8F53FCD
:106AD00006F003063343137095F89421D4F8C030C0
:106AE000120183F8F72095F89861D4F8C03006F0C9
:106AF0000F06324383F8F72095F89C21D4F8C03074
:106B0000120183F8F82095F8A061D4F8C03006F09F
:106B10000F06324383F8F820D5F8A4214B234B3AD3
:106B2000B2FBF3F202F00703D4F8C02082F8FA3087
:106B300095F8A861D4F8C02043EA461382F8FA30E9
:106B400095F8A92102B10122D4F8C0301A7395F842
:106B5000AC2102B10122D4F8C03083F8342195F879
:106B6000AD2102B10122D4F8C03083F8352195F867
:106B7000AE2102B10122D4F8C03000E02FE183F849
:106B8000362195F8AF2102B10122D4F8C03083F844
:106B9000372195F8B02102B10122D4F8C03083F832
:106BA000382195F8B12102B10122D4F8C03083F820
:106BB000392195F8B22102B10122D4F8C03083F80E
:106BC0003A2195F8B32102B10122D4F8C03083F8FC
:106BD0003B2195F8B42102B10122D4F8C03083F8EA
:106BE0003C2195F8B52102B10122D4F8C03083F8D8
:106BF0003D2195F8B62102B10122D4F8C03083F8C6
:106C00003E2195F8B72102B10122D4F8C03083F8B3
:106C10003F21D4F8C03095F8B82183F84021D4F84A
:106C2000C03095F8B92183F84121D4F8C03095F8E7
:106C3000BA2183F84221D4F8C03095F8BB2183F8FB
:106C40004321D4F8C03095F8BC2183F8442100E0FA
:106C5000C8E0D4F8C03095F8BD2183F84521D4F8B8
:106C6000C03095F8BE2183F84621D4F8C03095F89D
:106C7000BF2183F84721D4F8C030D5F8C021C3F82C
:106C80004C21D4F8C03095F8C42183F85021D4F8B1
:106C9000C03095F8C82183F8512195F8CC2102B174
:106CA0000122D4F8C03083F8482195F8CD2102B1F3
:106CB0000122D4F8C03083F84921D4F8C030B5F8A7
:106CC000D021A3F85221D4F8C030B5F8D421A3F8CC
:106CD0005421D4F8C03095F8D82183F85621D4F83F
:106CE000C03095F8DC2183F85721D4F8C03095F8EE
:106CF000E02183F85821D4F8C03095F8E42183F8D6
:106D00005921D4F8C020D171D4F8C030D5F8E82189
:106D1000C3F85C21D4F8C030D5F8EC21C3F8602169
:106D2000D4F8C030D5F8F021C3F86421D4F8C030CD
:106D3000D5F8F421C3F86821D4F8C02082F8F9000E
:106D4000D4F8C03095F8AA2183F8FB20D4F8C030DD
:106D500095F8AB2183F8FC20D4F8C0201278CAB390
:106D600000224F4B00E045E003EBC202D4F8DC31D7
:106D70001A6084F85601032284F8142184F855110E
:106D800084F85411C4F8501184F8961184F89711BE
:106D900084F89811C4F8E40184F8E80184F8E90162
:106DA000C4F8EC01C4F8F001C4F8F4013DA0FBF70D
:106DB00019FF204600F0A2FC3721606803F068F953
:106DC0000646C0F3C4006FF01207012819D03246FE
:106DD0003E4900E013E03EA0FBF704FF49E03846DF
:106DE000BDE8F081D4F8C0108872D4F8C010C87221
:106DF000FFF7BBBAD4F8C0201171FFF73FBB0122E7
:106E0000AFE731463BA0FBF7EDFED5F8F801C4F83B
:106E1000B400D5F8FC01C4F8B800D5F80002C4F8F5
:106E2000BC0006F00706204605F088FF002820DB9E
:106E3000204604F07EFA0021D4F8E00104F086FA3E
:106E4000D4F8E0114860204600F096F8204602F0A1
:106E50003FFD00280DDB204604F076FA002808DB11
:106E600032461A492AA0FBF7BDFE0020C8F80040B0
:106E7000B6E7D4F8DC0105F0D1F8D4F8E00105F06C
:106E8000CDF8A06805F0CAF8D4F8C00005F0C6F83F
:106E9000204605F0C3F80D4929A0FBF7A3FE9EE7A5
:106EA00080040020506172616D7465727320737587
:106EB000636365737366756C6C7920696E69746958
:106EC000616C697A65642E0A0000000059FA0008B6
:106ED0002573203A20556E737570706F72746564F7
:106EE0002050524F445543545F4944203078255830
:106EF0000A000000546172676574206465766963F6
:106F000065204944203A20307825580A00000000C6
:106F10002573203A20414439333678205265762053
:106F20002564207375636365737366756C6C792073
:106F3000696E697469616C697A65640A00000000B1
:106F40002573203A2041443933367820696E6974BC
:106F500069616C697A6174696F6E206572726F72B3
:106F60000A00000070B50DF1100C9CE8700000F8EC
:106F7000041B80E87C0070BDFEB501254D26002174
:106F80000095CDE901610446CC3033462A46FFF72F
:106F9000E9FFCDE9005604F1E40047236A1F002110
:106FA0000295FFF7DFFF04210095CDE9016104F1AF
:106FB000FC003E236FF009020021FFF7D3FF002001
:106FC000FEBDD0F8C0301A7842B9D3E90A239A42FC
:106FD00004D001B91A460321FDF734BD00207047E3
:106FE00010B573B143680824B4EB134F06D24FF4C5
:106FF000904303EB810104F0E6F904E06FF0120026
:1070000010BD04F077F9002010BD00002DE9FE4FFF
:1070100004464068002501901E4691468846DDF8EA
:1070200030B0AA466EA0FBF7DDFD4B4632466F49F5
:107030006FA0CDF80080FBF7D5FD6BA0FBF7D2FD6C
:10704000BBF1000F04D01EB1802E01D830070ED046
:107050004B46324665496EA0CDF80080FBF7C2FD75
:1070600061A0FBF7BFFD6FF01500BDE8FE8F0521A5
:107070002046FDF7F7FC5FEA0860F7B227D509F173
:107080000C00062190FBF1F0C0F1030000F00302B8
:10709000F621019803F036F8902584F893710320C7
:1070A00004F098FF0346032211466068FBF7BAFD1F
:1070B0008146032004F08EFF034694F892010428D1
:1070C00000D1032000900322114660681DE019F1F1
:1070D000060F01D14FF0010A84F89171032004F0EA
:1070E00079FF0346032202216068FBF79BFD81467E
:1070F000032004F06FFF034694F89001042800D1A8
:1071000003200090032202216068FBF79EFD072008
:1071100000EB16104007010E08F0030041EAC00022
:1071200040EA0A0040F002008246024605F165018D
:107130000091019802F0E6FF002727E03A4605F1AA
:107140006001019802F0DEFF1BF8172005F16101D4
:10715000019802F0D7FF3BF9170005F16201021216
:10716000019802F0CFFFDDE900104AF0040202F0BE
:10717000C9FF05F1640100220291019802F0C2FFEB
:10718000DDE90101002202F0BDFF7F1CB742D5D32B
:10719000DDE90010524602F0B5FFDDE900102AF0EB
:1071A000020202F0AFFF5FEA08604FF0030008D56B
:1071B00004F010FF0346CDF80090032211466068EA
:1071C00007E004F007FF0346CDF8009003220221F8
:1071D0006068FBF73AFD2046FDF7EEFC002044E72F
:1071E0004C6F6164204649520A00000051F90008C2
:1071F00025733A20544150532025752C206761692E
:107200006E2025642C2064657374202564000000C2
:1072100025733A20496E76616C69642070617261F1
:107220006D65746572733A20544150532025752C56
:10723000206761696E2025642C206465737420309A
:10724000782558002DE9FC5F0546406801901646F8
:107250001F46DDF83090524952A0FBF7C3FC56A000
:10726000FBF7C0FC30463946FEF7A4FF0446009009
:1072700032463B464A4951A0FBF7B4FC4EA0FBF70F
:10728000B1FC95F81401A04202D10020BDE8FC9F9A
:10729000082004F09FFE0346D5F8C000C07890B1E6
:1072A000002000900822FB210198FBF7CEFCD5F8C6
:1072B000C000C17849B104EB8401484AC1EBC41154
:1072C0008F18292108E00120EBE704EB4411444A20
:1072D000C1EBC1018F184D2190F80A01884600B119
:1072E000802009F0030B022101EBCB0200909146B4
:1072F00040F23711019802F005FF002634E03246D3
:107300004FF49871019802F0FDFE06EB460A0098D2
:1073100017F80A2040F231110243019802F0F2FE00
:10732000BA444FF499719AF80120019802F0EAFEEC
:107330009AF8022040F23311019802F0E3FE062190
:1073400001EBCB0240F23711019802F0DBFE4FF463
:107350009A7A00225146019802F0D4FE002251464A
:10736000019802F0CFFE761C4645C8D340F237168E
:107370004A463146019802F0C5FEF71E0022394602
:10738000019802F0BFFE00223946019802F0BAFED1
:1073900000223146019802F0B5FE85F8144174E7E9
:1073A00033F5000825733A206672657175656E6362
:1073B0007920256C6C7500000A00000025733A20C6
:1073C0006672657175656E637920256C6C75202811
:1073D00062616E642025642900000000BBF2000891
:1073E00006F000082DE9F04104462E492EA0FBF7D7
:1073F000F9FB2EA0FBF7F6FB40F23F1802224146B4
:10740000606802F07FFE002510264FF49E772AE088
:10741000761E32464FF49C7102F074FE00224FF447
:107420009D71606802F06EFE214840F23911425DA4
:10743000606802F067FE1E4840F23B111030425D6A
:10744000606802F05FFE06224146606802F05AFE64
:1074500000223946606802F055FE00223946606815
:1074600002F050FE6D1CE8171021691A70F100003F
:107470006068CDDB02224546414602F043FE002211
:107480003946606802F03EFE00223946606802F02C
:1074900039FE00222946606802F034FE0020BDE873
:1074A000F081000042F50008257300000A0000008A
:1074B0002CF4000870B5D0F8E0510E460024334695
:1074C0000F2221462846FFF78BFD641C072CF6DBB4
:1074D000002070BD2DE9F84F0446D4E97770009084
:1074E000D4F8C000067838684568042D00DD04250E
:1074F0000EB1002200E004224421009803F063FF53
:1075000044F248094946009803F020FF44F24C0831
:107510006EB120F020024946009803F054FFD4F8E1
:10752000C00090F8F600C0060ED503220DE040F032
:1075300020024946009803F046FFD4F8C00090F8B6
:10754000F600C0F3001200E001224146009803F06B
:107550003AFF00264FF482684FF4804B40F2144902
:107560004FF4806A19E000BF08EB861100220098F2
:1075700003F029FFF00701D05A4601E04FF08042A6
:1075800009EB8611009803F01EFF0AEB861140F20A
:107590005122009803F017FF761CAE42E4DB3868F6
:1075A0004068042804DC0421009803F0CFFE08B1F1
:1075B000002100E00C4900222046FCF775FE00285F
:1075C00010DBD4F8C010204601F14802303101F040
:1075D00067FF054605212046FDF744FA2046FDF7E2
:1075E000EBFA2846BDE8F88F0080A903F8B50E46EF
:1075F0004568D0F8C040344934A0FBF7F3FA34A012
:10760000FBF7F0FA3EB194F8F6202846BDE8F840C2
:10761000122102F077BD94F8F600C10603D520F0E0
:107620002C0084F8F600C0B2810703D520F00C00CE
:1076300084F8F60014F8F42F1021284602F062FDB9
:1076400062781121284602F05DFDA27812212846B9
:1076500002F058FDE2780621284602F053FD227917
:107660000721284602F04EFDA2793C21284602F06F
:1076700049FDE2793D21284602F044FD227A3E216F
:10768000284602F03FFD14F8E80CF43C18B994F8D1
:10769000F500800616D5202004F09CFC034601204E
:1076A0000090202211212846FBF7CFFA202004F079
:1076B00091FC034600200090202240F289112846C8
:1076C000FBF7C3FA0020F8BD85F70008257300001A
:1076D0000A000000B0EB510F01D84000704788420B
:1076E000FCD9B0EB410F01D840087047B0EB810FD7
:1076F00001D88008704700207047000010B504468C
:10770000D0F8C000D0F85C0104F06EFFD8B154F896
:10771000C00F0021D0F85C0104F06CFF012005F0DF
:107720001DFA20680121D0F85C0104F063FF0120FC
:1077300005F014FA0E490FA0FBF754FA10A0FBF75E
:1077400051FA002010BD81220021606802F0DAFCAD
:1077500000221146606802F0D5FC054909A0FBF73C
:1077600041FA07A0FBF73EFA6FF0120010BD0000CF
:10777000D8F4000825733A206279204750494F0019
:107780000A00000025733A206279205350492C20CA
:1077900074686973206D6179206361757365207504
:1077A0006E70726564696374656420626568617691
:1077B000696F7221000000002DE9F041044647681E
:1077C00015461E462B492CA0FBF70CFA2FA0FBF701
:1077D00009FA202240F28511384602F093FC4FF45A
:1077E000C3732946B4462A4A5D1C9E1C0020511AC8
:1077F00070EB0C00D4F8C0000DD3827C19463846DB
:1078000002F080FC24222946384602F07BFCD4F8A2
:10781000C000007C0CE0427C1946384602F072FC45
:1078200034222946384602F06DFCD4F8C000C07BF3
:10783000314600F01F02384602F064FC832240F219
:107840008B11384602F05EFCD4F8C00040F289117A
:10785000027B1AB990F8F500800601D5102200E0ED
:107860003022384602F04EFC2046BDE8F0410221AD
:1078700000F062BD4AF600082573203A2072785F56
:107880006672657120256C6C750000000A000000AE
:1078900000286BEE2DE9F0411F46144606460B2AE0
:1078A00003D96FF01500BDE8F08151B9082C05D956
:1078B000BDE8F04102F0030103F0A4B9002103F098
:1078C000A1F9032C03D260000325854002E00125C5
:1078D000E41EA5400FB145F040052A46064907A021
:1078E000FBF780F90BA0FBF77DF92A467068BDE82D
:1078F000F041042102F006BC70F700082573203A1D
:1079000020494E5055545F53454C454354203078E0
:10791000257800000A0000004168007C01EB80002F
:10792000C068406870474268007C02EB8000C06815
:1079300041600020704700002DE9FF4106460D46DA
:107940000A4644684B494CA0FBF74CF950A0FBF7A2
:1079500049F9307C0E2806D00F280AD06FF01500A8
:1079600004B0BDE8F08140F235210F2794F8A92139
:1079700004E094F8AA2140F27521F027A2B30F2861
:1079800033D00026521E1746042331466068FDF7A7
:10799000D7FB8DF8000003233A4631466068FDF7B7
:1079A000CFFB8DF8010002233A4631466068FDF7AF
:1079B000C7FB8DF8020001233A4631466068FDF7A7
:1079C000BFFB8DF8030000233A4631466068FDF79F
:1079D000B7FB8DF804000C233A4631466068FDF78A
:1079E000AFFB00F00F0010E001E00126CAE705231D
:1079F0006A46306802F056FB384604F0EBFA03465C
:107A00003A4605213068FBF70DF99DF800109DF806
:107A100001204906490A41EA02219DF802209DF809
:107A2000033011439DF8042003F0070342EA0327C3
:107A30000646A5FB0102002404FB012105FB0411FD
:107A4000CDE90201134A234602A804F08DFAA5FBF2
:107A5000070104FB0711DDE9022305FB041180186F
:107A60005941721CCDE90201F8F7E5FB02F0B2FBC7
:107A700076E70000D6F9000825733A205061726558
:107A80006E74205261746520257520487A000000CC
:107A90000A000000F1FF7F0070B50D460A460E494E
:107AA0000EA0FBF79FF811A0FBF79CF82846FDF706
:107AB00085FB0F4C0123201A8B4107D32846FDF785
:107AC0007DFB0C4A801A71F1000002D26FF01500A4
:107AD00070BD284670BD0000F3F9000825733A20F8
:107AE0005261746520257520487A00000A00000064
:107AF00000BCA065801D2C042DE9F04F44688DB0BA
:107B000005460020CDE908008246069000920790C5
:107B1000287C914688460F282BD081A24346814974
:107B200081A0FBF75FF889A0FBF75CF8287C0F28A1
:107B300021D0002100231A462046FDF73BFA40469B
:107B4000FDF73CFB08AA0AAECDE9046206AF07AB1D
:107B5000CDE90237CDE9009A02460B462046FCF7F4
:107B600059F800286FDB287C0E2806D00F286BD12F
:107B70000EE077A2D2E70121DCE70A9884F8C6007C
:107B8000C4E94C8A40F2352640F2472B0F2709E022
:107B90000A9884F8C700C4E94A8A40F2752640F280
:107BA000872BF027D4F8C000407A38B1287C0F2802
:107BB00045D000210122204602F06CFCCDF8009057
:107BC000F02F3ED00021DDE90823204600F0AAF97D
:107BD0000698C0F306418DF82C10010A8DF82D107F
:107BE0008DF82E00F11E286802F052FA20F00701ED
:107BF00007988DF83000C0F3022211438DF82F1042
:107C000005230BAA3146286802F0A6FA384604F08C
:107C1000E1F903460A9800903A4605212868FBF7E7
:107C200014F80123022259462046FCF7A9F906461A
:107C3000D4F8C000417879B3807830B15FE0012199
:107C4000B8E70121BFE724E021E004F594700FC8F4
:107C500080EA020781EA030C57EA0C0705D194F881
:107C6000387194F839C167450CD180EA020781EA7E
:107C7000030C57EA0C0742D094F8387117B994F8FE
:107C800039714FB12E7C0E2E07D00F2E0CD06FF015
:107C900015000DB0BDE8F08F31E040F2752640F2DE
:107CA000872BF027844605E040F2352640F2472B2B
:107CB0000F2794465040594008433FF47FAF604639
:107CC000FDF77CFA08AA0AABCDE904320DF1180CD5
:107CD0000DF11C08CDE9028CCDE9009A02460B4655
:107CE0002046FBF797FF287C0E2806D000210023B2
:107CF0001A462046FDF75EF960E70121F7E7D4F860
:107D0000C000407A38B1287C0F2806D0002100221C
:107D1000204602F0BFFB3046BBE70121F7E7000039
:107D2000525800000FFA000825733A20257320529C
:107D300061746520257520487A20506172656E74E3
:107D4000205261746520257520487A000A000000E1
:107D500054580000017C4268122903D0132910D026
:107D600000207047D2F8C010897A29B1D2F8B41037
:107D700071B9D2F89C000EE010694168D2F8940005
:107D80000FE0D2F8C010C97A39B1D2F8B41001B1FD
:107D90000847D2F8A000FFF7BFBD50694168D2F88C
:107DA0009800FFF7C9BD70B505464468007C0E46D3
:107DB000122803D0132815D0002070BDD4F8C000BD
:107DC000807A28B1D4F8B82062B12846904709E0FB
:107DD000D4F89400417C04EB8101CA683146121D3D
:107DE000FFF75AFED4F8C000C07A48B1D4F8B820E2
:107DF00022B131462846BDE870401047304670BD7C
:107E0000D4F89800417C04EB8101CA683146BDE892
:107E10007040121DFFF740BE38B50D46017C446826
:107E2000122902D013296BD126E0D4F8C010897A28
:107E300059B1D4F8BC2012B1294690470FE0294629
:107E4000D4F89C00FFF76FFD09E0D4F89400417C62
:107E500004EB8101C9684A682946FFF74DFE2846B0
:107E6000FDF7ACF90322009202460B462046FFF7CD
:107E7000E9F9002845DB43E0D4F8C010C97A59B1CC
:107E8000D4F8BC2012B1294690470FE02946D4F817
:107E9000A000FFF748FD09E0D4F89800417C04EB0E
:107EA0008101C9684A682946FFF726FE94F8160141
:107EB00030B3D4F8C000C07A10BB2846FDF77EF975
:107EC000D4F81811081A00D54042D4F84021C3173D
:107ED0000021101A994113DA4FF0FF321021204689
:107EE000FCF74EFD002806DA064907A0FAF77AFEED
:107EF0000BA0FAF777FE2846FDF760F9C4E94601C2
:107F0000002038BD29FA000825733A205458205122
:107F10005541442063616C206661696C65640000B2
:107F20000A0000002DE9FF4782B0884605460E98FA
:107F300000266A49D5F804903446884201D20027C9
:107F400005E0674A904201D8012700E00227CDE909
:107F50000007DDE90423634963A0FAF743FE6DA03F
:107F6000FAF740FE6C4A002304A803F0FDFFD5F8A1
:107F7000C00000224178D1B18078C0B9D5E94A105B
:107F8000D5E94CC381EA0C01584001430FD040F2BF
:107F9000731017FB00F06149B8F1000F01EB4007C7
:107FA00002D085F838210FE085F8392110E040F241
:107FB000731017FB00F05A4901EB40070120B8F19C
:107FC000000F03D085F83801402401E085F839011D
:107FD000DDE90410C6EBC60337F81330CB1A70EB9B
:107FE000020302D2761C352EF4DBC6EBC6053346FF
:107FF00037F815203B494BA0FAF7F4FD45A0FAF7F6
:10800000F1FD07EB450504F23A21A87800F00F00D6
:1080100040F04002484602F075F80F2003F0DAFF06
:108020000346E87800900F2204F239214846FAF717
:108030000CFE68792A7900F0030060F3DF0204F295
:108040004221484602F05EF8A87904F50E71000757
:10805000420E484602F056F8E87904F2512100F049
:108060000F02484602F04EF8002204F2452148462D
:1080700002F048F8702204F51471484602F042F804
:108080003F2003F0A7FF0346287A00903F2204F226
:108090003B214846FAF7D9FD687AAA7A00F00F002A
:1080A00060F31F1204F23E21484602F02BF8E87AF2
:1080B0002A7B00F00F0060F31F1204F23F214846B4
:1080C00002F020F8687B04F5107100F00F024846BA
:1080D00002F018F806B00020BDE8F08780F0FA0240
:1080E000801D2C0474F500082573203A2076636FF8
:1080F0005F6672657120256C6C75203A207265662A
:108100005F636C6B202575203A2072616E67652075
:10811000257500000A00000040420F00A2DE0008A2
:1081200054E700082573203A2066726571202564A3
:10813000204D487A203A20696E64657820256400D5
:108140002DE9F04F002787B004464068CDE90007CD
:108150000D469046BB463E466D496EA0FAF742FD7D
:108160006DA0FAF73FFD687828B1B8F1000F7DD116
:10817000281D13C81BE02046E16F03F0D3FA4FF42B
:108180007A7200F5FA70B0FBF2F36868A968584398
:108190005943EC6800F5FA705C4301F5FA7104F597
:1081A000FA74B0FBF2F0B1FBF2F1B4FBF2F42A780E
:1081B000012A08D0B0F5FF6F03D2072803D9C00801
:1081C00002E0FF2000E000208146B1F57F7F03D26E
:1081D000032903D9880802E0FF2000E0002082463E
:1081E0004FF0010C0DF1040E0E21E21710E000BF5C
:1081F0000CFA01F08046C317201A72EB030006DB6D
:108200000EF806104744A4EB0804761C04E0491E4F
:10821000002C01DD0029EBDA042E01DA002CE3DC6E
:10822000002001464FF0FF0802AAB0420BDA1EF808
:1082300000C008FA0CF303EB5703B3FBF7F342F863
:108240002030194401E042F820B0401C0428ECDB47
:1082500002EB8600FF3950F8042D511A01609DF899
:1082600004009DF8051040EA011200E04CE04FF4D4
:10827000A871009801F046FF9DF806009DF80710D0
:1082800040EA011240F25111009801F03BFF4FF417
:10829000A971029A009801F035FF40F25311039A38
:1082A000009801F02FFF4FF4AA71049A009801F092
:1082B00029FF40F25511059A009801F023FF4A4624
:1082C0004FF4AB71009801F01DFF524640F2571178
:1082D000009801F017FF28784107CA0E042801D141
:1082E00042F020021CB9012E01D142F001024FF4EC
:1082F000AC71009801F006FF002805DA07A0FAF734
:1083000071FC05A0FAF76EFC07B00020BDE8F08F05
:108310000CF80008257300000A000000556E616229
:108320006C6520746F20777269746520727373694D
:1083300020636F6E6669670070B504460D460A4695
:108340004068162101F0DEFE00280FDB2A460849AE
:1083500008A0FAF747FC0CA0FAF744FC2A4620468E
:10836000BDE8704000231621FBF70ABE70BD000077
:108370001CF5000825733A2043414C204D61736B76
:1083800020307825780000000A0000002DE9F04F29
:108390000F46064699B09146406840F2EB1101F055
:1083A00077FEC5B24FF4F671706801F071FE00F00F
:1083B000FF0A4FF4F371706801F06AFEC4B242F232
:1083C0001070A7FB0010CDE91610F648D6F84C2126
:1083D0000023424316A803F0C7FD169F4B463A46BA
:1083E000F149F2A0FAF7FEFBF7A0FAF7FBFB2346F0
:1083F00052462946F5A0FAF7F5FBF3A0FAF7F2FB8F
:10840000FD48874202D2FD498F4203D9874202D3F9
:10841000074600E00F46FA494FF47A7B894501D2BE
:10842000D84601E040F23168F648874235D34042F1
:10843000384400EB80004100F348B1FBF0F205EB5B
:1084400085014B010AEB8A0103EB41018C31A1FB51
:10845000045CCB1703FB04C3002001FB0031A5FB28
:10846000073401FB074105FB001102F57A72A2FBFC
:10847000034500FB035002FB0100E4490022A4FB7A
:10848000013500FB015004FB0200CDE90A305A46D9
:1084900000230AA803F068FD1FE005EB85004101F9
:1084A0000AEB8A0001EB40018C31A1FB0435CA17AD
:1084B00002FB0452002001FB0021A3FB072401FB67
:1084C000074103FB0013D1480021A2FB004503FB39
:1084D000005002FB0100CDE90A40CD4A00230AA862
:1084E00003F042FDDDE90A130020D1F1FF3298418B
:1084F00005D2C8A0FAF776FBB3A0FAF773FB0A9887
:1085000004F0AEF8074609F5A0704FF42071B0FBF7
:10851000F1F0049009F5FA704FF4FA61B0FBF1F153
:10852000C44B04220B445946B0FBF1F0B3FBF0F40A
:10853000A01CB0FBF2F38B4201D2584601E0B0FB25
:10854000F2F0BD4A00EB800002EB80028A46B2FBEB
:10855000FAF5049804F084F8814604988000834674
:1085600004F07EF8504501D9514603E0584604F026
:1085700077F801460097DDE90A238B46AFA0FAF7AA
:1085800031FB91A0FAF72EFB2246B9A00499FAF725
:1085900029FB8DA0FAF726FB5B464A462946C1A077
:1085A000FAF720FB88A0FAF71DFB00204FEAC8036A
:1085B000A3FB072C24218DF830008DF831008DF8B5
:1085C00034108DF832008DF833104FEA587101FBEA
:1085D00007C1A2FB0BC803FB001303FB0B818DF843
:1085E00035008DF8360002FB0010BB49BB4A1CEB7E
:1085F000010140F1FF30CDE91610002316A803F069
:10860000B3FCDDE916010022D0F17C038A4100D2DF
:108610007C20C0B204EB84018900CDE900108DF804
:10862000370048435021B0FBF1F1A1FB0A10DDE90E
:108630000A235B084FEA320289185841CDE9161027
:10864000DDE90A2316A803F08FFCDDE916010022FC
:10865000D0F1FF038A4100D2FF208DF83800A7FB3C
:108660000B034D21A0FB01C803FB0181002200FB8D
:1086700002109B49644A1CEB010140F1FF30CDE937
:108680001610002316A803F06FFCDDE91601002286
:10869000D0F17F038A4100D27F20C0B200EBC0013D
:1086A0008DF83A0001EB001105904FF4FA30B0EB71
:1086B000411F01D87F2006E005984FF4487110FB58
:1086C00001F1B1FBFAF08DF83900059900984FF0EF
:1086D000000C4143DDE90A2040084FEA3202E1FB89
:1086E0000A20CDE91620DDE90A034FF04D01A0FB79
:1086F000012803FB018100FB0C1316A803F034FCD6
:10870000DDE916010022D0F1FF038A4100D2FF20EB
:108710008DF83B0007FB0BF7714807EB870100EB77
:1087200001107049884201D97F2002E03649B0FB30
:10873000F1F0C7B28DF83C70DDE90A1040084FEA4D
:108740003100A0EB80004FEAE07107FB04F24FF02C
:10875000FA03E2FB0301DDE90A23CDE9160116A8BD
:1087600003F002FCDDE916010022D0F1FF038A418B
:1087700000D2FF208DF83D0042F21070B4FBF0F003
:10878000C0EBC00000EB40008DF83E0001984FF4B4
:10879000FA3100EB802000F5FA70884201D37F2087
:1087A000A4E0A1E0BAEF01008AF500082573203AA1
:1087B0002042424257202575203A204144436672A8
:1087C00065712025750000000A00000063335F6DAD
:1087D00073622030782558203A2063335F6C7362CF
:1087E0002030782558203A207232333436203078C1
:1087F0002558203A20000000003FAB01400D030047
:1088000000B4C40480A8120140420F00CF740200DB
:1088100000CA9A3B696E7672635F74636F6E73749D
:108820005F316536203E20554C4F4E475F4D4158D5
:108830000000000000A0252614F60E00696E767276
:10884000635F74636F6E73745F31653620256C6C83
:10885000752C20737172745F696E765F72635F74DA
:10886000636F6E73745F31653320257500000000FF
:108870007363616C65645F6164635F636C6B5F31DC
:1088800065362025752C20696E765F7363616C6593
:10889000645F6164635F636C6B5F31653320257572
:1088A00000000000746D705F3165332025752C2049
:1088B000737172745F7465726D5F316533202575F5
:1088C0002C206D696E5F737172745F7465726D5F79
:1088D0003165332025750000800F05FD00E1F505A9
:1088E000E05EF8FFFF1FA107B0FBFAF0C0B200FB8B
:1088F00005F28DF83F008A4201D37F2203E000FB9E
:1089000005F2B2FBFAF28DF840208DF8410005988F
:1089100000EB8010C0EB001000F5FA70884201D324
:108920007F2001E0B0FBFAF0C0B200FB05F28DF849
:1089300042008A4201D37F2203E000FB05F2B2FB32
:10894000FAF28DF8440007EB8710C0EB001000F539
:10895000FA708DF84320884201D37F2001E0B0FBFC
:10896000FAF0C0B200FB05F28DF845008A4201D34F
:108970007F2203E000FB05F2B2FBFAF28DF84620FD
:108980008DF847002E208DF8480004983C4BC0EB32
:10899000801202F5FA70984202D94FF2186301E092
:1089A000B0FBFAF35046B3FBF0F38033DDB204EBD7
:1089B0008404344B4FEA041CBCFBF0F4B2FBF3F725
:1089C00004F5667467434FF47A448DF84950A74222
:1089D00001D33F2208E0B2FBF3F2BCFBF0F303F556
:1089E00066735A43B2FBF0F2D3B28DF84A30B4EB5F
:1089F000491F01D83F2203E04FEA4912B2FBF0F2CF
:108A00008DF84C508DF84D308DF84E208DF84B2060
:108A1000C9EB89128DF84F508DF85030A24201D326
:108A20003F2201E0B2FBF0F28DF85120B1EB891F3B
:108A300001D87F2003E04FEA8911B1FBFAF08DF8ED
:108A4000520040208DF853008DF854002C208DF8F2
:108A5000550000208DF856008DF8570004460CADE7
:108A600004F500712A5D706801F04CFB002803DBFF
:108A7000641C282CF4D3002019B0BDE8F08F00004E
:108A8000A751C10340420F00F8B5164613460446ED
:108A90000D460A463E493FA0FAF7A4F845A0FAF76A
:108AA000A1F84548854202D244498D4203D9854206
:108AB00002D3054600E00D4642F21070B5FBF0F01F
:108AC0003F4948433118491EB1FBF0F2B2F5007F2F
:108AD00002D340F2FF1201E0B1FBF0F2C4F84C21E6
:108AE0004FF4FC71606801F00DFB012003F072FA95
:108AF0000346D4F84C010122000A009040F2F9111B
:108B00006068FAF7A2F82F4E40F2FB11B5FBF6F2BF
:108B1000606801F0F7FAB5FBF6F006FB1050711033
:108B200001EBC010B0FBF6F0C2B27F2A00D97F2261
:108B30004FF4FE71606801F0E5FA3F2240F2D51172
:108B4000606801F0DFFA03224FF4E071606801F021
:108B5000D9FA4FF4F17502222946606801F0D2FA81
:108B60006E1C02223146606801F0CCFA802120465A
:108B7000FFF7E2FB074603222946606801F0C2FACC
:108B800003223146606801F0BDFA3846F8BD0000A6
:108B9000B2F500082573203A2072785F62625F6246
:108BA00077202575206262706C6C5F66726571203B
:108BB000257500000A000000003FAB01400D0300D6
:108BC000BAEF010040420F002DE9FC410C4605467A
:108BD000406840F2EB1101F05BFA00F0FF084FF43F
:108BE000F671686801F054FAC7B24FF4F37168681F
:108BF00001F04EFAC6B222463C493DA0F9F7F2FF19
:108C000040A0F9F7EFFF4048844202D23F498C422E
:108C100003D9844202D3044600E00C4608EB8800E6
:108C2000400107EB870100EB410006F0070144F229
:108C30007C7211FB02F18C3048434FF40C71A0FBA5
:108C40000110CDE90010324A0023684603F08CF988
:108C50003048844201D8E02205E02F48844201D800
:108C6000602200E02022DDE9001340F66834002095
:108C7000641A98410FD24FF04008F0394646B1F5DA
:108C8000204F01D37F2003E04FF4A070B1FBF0F040
:108C9000C4B2274609E02820A1F5BE71B1FBF0F06F
:108CA0004030C6B20027B0463C4640F2DB1168684F
:108CB00001F028FA42464FF4EE71686801F022FA9A
:108CC0003A4640F2DD11686801F01CFA32464FF472
:108CD000EF71686801F016FA224640F2DF11686809
:108CE00001F010FA0020BDE8FC8100009EF50008AC
:108CF0002573203A2062625F62775F487A2025758B
:108D0000000000000A000000002D3101400D0300AA
:108D1000E0673500C0C62D00809698002DE9F84325
:108D200004460668007C0D464FF42B776FF015085B
:108D30000E2871D2DFE800F007163A70495D71869F
:108D400099B4C6D7ECFD204601F048FA04002BD4B4
:108D5000002D76D0032003F03DF903220346452180
:108D6000009400E1204601F039FA00281CDB002DB8
:108D7000EFD00546012003F02DF903466808009066
:108D8000012240F2AB213046F9F75FFF0446802014
:108D900003F020F9034605F00100009080223946D7
:108DA0003046F9F752FF2043BDE8F883204601F032
:108DB00015FA0400F8D4002DCBD00C2003F00AF9EA
:108DC00003460C2239460094CDE0207B03F016FCCC
:108DD0000746A06801281FD1062F1DD8002F1BD0E1
:108DE000002DB6D0072003F0F5F8034607220097C0
:108DF00066E0A0680128EED1E06803280CD80028BE
:108E00000AD0002D1DD0302003F0E4F80346E068BE
:108E1000401E3022009012E077E0A068012874D153
:108E2000E068022871D800286FD0002D09D00820F2
:108E300003F0D0F80346E068401E082200900321AA
:108E400091E061E0A06801285FD1E06802285CD869
:108E500000285AD0002D57D0042003F0BBF8034659
:108E6000E068401E04220090E9E7A06801287ED156
:108E7000E06804287BD8002879D0032877D061687F
:108E800091F8541109B1002402E003F0B7FB441C2F
:108E9000D5B3032003F09EF8034603220094CEE7E7
:108EA000A068012863D1E068022860D868B35DB388
:108EB000082003F08FF80346E068401E0822009067
:108EC0000A2150E0A068012851D1E06803284ED85B
:108ED000D8B1CDB1302003F07DF80346E068401EE4
:108EE000302200903EE0A068012840D1E0680228CE
:108EF0003DD850B145B1082003F06CF80346E06856
:108F0000401E082200902DE033E030E011E0FFE742
:108F1000A06801282BD1E068022828D838B345B3CF
:108F2000042003F057F80346E068401E0422009036
:108F300018E0A06801281AD1E068042817D8B0B159
:108F4000032814D0616891F8551109B1002402E09A
:108F500003F054FB441C65B1032003F03BF80346C7
:108F60000322009402213046F9F76FFE1CE74046C9
:108F70001AE7002018E7000070B5154613460446AE
:108F80000E460A460E490FA0F9F72CFE13A0F9F77A
:108F900029FE06F03F0240F29221606801F0B2F82B
:108FA000E806020E4FF42571606801F0ABF86A091B
:108FB0006068BDE8704040F2932101F0A3B8000062
:108FC00033F700082573203A20636F6172736520C0
:108FD00025752066696E6520257500000A00000071
:108FE00070B505460026D5F8C0200829967027D20E
:108FF000DFE801F00406080A0C0E1013062411E045
:1090000008240FE005240DE00A240BE0002409E009
:10901000802407E00024012604E0D5F8C0100A24CB
:1090200001208870D5F8C00032464178284600F00B
:109030000BF8324621462846BDE87040FBF73CBE9F
:109040006FF0150070BD00002DE9F0411646044692
:109050000F46D0F8C0500A464068132101F052F87C
:109060001521606801F014F800F0600037B1A978AC
:1090700001B18021014341F0040213E0297A002963
:1090800003D000BF4FF0040201E04FF0000242EABB
:10909000000203D116B14FF0080001E04FF00000CC
:1090A00042EA00026068BDE8F0414FF0150101F0AE
:1090B00029B800002DE9F843814640680E468046F5
:1090C00001236A46FA2100F0EDFF040002D0FA21E4
:1090D0002AA03EE030796FF0150430B1012806D0A7
:1090E000022806D0032846D105E0002504E001252A
:1090F00002E0022500E003253168012903D002299E
:1091000003D028A025E0002700E0022700224846DF
:10911000FBF788FC040002D027A0316819E0032186
:109120009DF80000B940884305FA07F10143C8B231
:109130008DF80000032D12D020F010008DF80000F3
:10914000C2B2FA21404600F0DDFF04000AD0FA2145
:109150001FA0F9F747FD29A0F9F744FD0BE040F007
:109160001000EBE7012248463168FBF75BFC4846FC
:10917000FCF7F0FB04462046BDE8F883556E6162BB
:109180006C6520746F2072656164204147432063E1
:109190006F6E666967312072656769737465723ACC
:1091A00020257800556E6B6E6F776E205278207098
:1091B0006174682025750000556E61626C652074CD
:1091C0006F2064697361626C652072782575000098
:1091D000556E61626C6520746F20777269746520CA
:1091E00041474320636F6E66696731207265676926
:1091F000737465723A202578000000000A000000B0
:109200000FB408B5059980F8921106A90091DDE91F
:109210000312C9B29DF8183141F08001FDF7F6FE46
:1092200001B05DF814FB000070B50446002094F80E
:109230005421012561B1002A09D000BF84F85401EE
:10924000204601F031FE002801DA84F8545170BD47
:10925000AA42FCD00120F1E72DE9F0410746406821
:109260000024904601290AD002290CD019A0F9F750
:10927000B9FC1DA0F9F7B6FC6FF0150427E0002536
:1092800040F2091602E002254FF48676FA2100F03A
:10929000FFFEE84010F0030F03D014A0F9F7A2FC82
:1092A00012E0D7F8C00042463146C0780028384660
:1092B00002D004F07DFB01E004F0C8F9040006D000
:1092C000314613A0F9F78EFC07A0F9F78BFC204676
:1092D000BDE8F081556E6B6E6F776E20527820700E
:1092E00061746820257500000A000000527820672C
:1092F00061696E2063616E20626520736574206908
:109300006E204D4743206D6F6465206F6E6C790051
:10931000556E61626C6520746F2077726974652088
:109320006761696E2074626C206964782072656779
:109330003A202575000000007CB50546002000900D
:109340000190D5F8C00016460C46007808B9012CEB
:1093500010D0621C00212846FAF797F900902819CE
:10936000694680F894618DF804602846FFF7A2FEF4
:1093700000207CBD034904A0F9F734FC4FF0FF3016
:109380007CBD0000BDFA00082573203A20525832F7
:1093900020697320616E20696E76616C6964206F4C
:1093A0007074696F6E20696E20317831206D6F6442
:1093B00065210A0010B504461046194600F00AFF60
:1093C00002462046D4F8A410BDE8104002F0E8B9E7
:1093D00070B50446002501F0E9FE0146D4F84401C9
:1093E000884205D02046D4F8482101F02BFD0546DF
:1093F000284670BD70B58AB00C4605461646242135
:109400006846F6F741FFD5F8C000007808B9012C8E
:109410000CD0621C002128460196FAF736F9014665
:109420006A462846FFF718FF0AB070BD034904A03A
:10943000F9F7D8FB4FF0FF30F6E7000065FA0008B7
:109440002573203A2052583220697320616E2069BA
:109450006E76616C6964206F7074696F6E20696EDE
:1094600020317831206D6F6465210A0010B58EB00F
:10947000044607A8009001AB2046D4F85021FAF723
:1094800015FC002809DB07AA01A9204600F008F80E
:10949000D4E95112204601F0D5FC0EB010BD0000F9
:1094A0002DE9FF470D46044616465E495EA0F9F7D2
:1094B00099FB5EA0F9F796FB002D50D0002E4ED000
:1094C00005F108000FC88DE80F00D5E900235549C4
:1094D00057A0F9F787FB55A0F9F784FB06F10800C0
:1094E0000FC88DE80F00D6E900234E4950A0F9F7C8
:1094F00079FB4EA0F9F776FB2946204601F08CFE59
:10950000002829DB2A682046A16E02F049F90028CC
:1095100022DB4FF004094FF0090A012704EB890010
:1095200055F82720C16D204602F03AF95FEA00089D
:109530000AD404EB8A0056F82720C16D204602F0B9
:109540002FF95FEA00080DD501463FA0F9F74AFB65
:1095500036A0F9F747FB404604B0BDE8F0876FF04E
:109560001500F9E709F101097F1C0AF1010AB9F1B7
:10957000080FD3DD94F89201012802D094F8540129
:1095800068B1032002F026FD034694F8540100B3AD
:1095900000200090032211466068F9F756FB94F80A
:1095A0009001012802D094F8550168B1032002F01F
:1095B00011FD034694F8550168B100200090032284
:1095C00002216068F9F741FBD4F8C000007D20B1AA
:1095D0000EE00120DDE70120F0E794F8550110B11D
:1095E00094F8540120B9102200212046FAF75CFEBD
:1095F0002046FCF7AFF9D4F8C010054601222046FA
:10960000E431FEF79DFD05432046A16E02F08AF885
:10961000D4F8C0100246204601F58671FAF744F8E6
:10962000284399E73EF80008257300000A0000006F
:1096300025733A2025752025752025752025752050
:1096400025752025750000004661696C65642074ED
:109650006F207365742042422072656620636C6FD0
:10966000636B207261746520282564290000000066
:1096700010B58EB0044607A8009001AB2046D4F880
:109680005021FAF713FB002804DB07AA01A92046A2
:10969000FFF706FF0EB010BD2DE9FC47DDF828905E
:1096A0001F460093904613460D4604460A46002680
:1096B000214922A0F9F796FA2AA0F9F793FA2A4845
:1096C000854203D96FF01500BDE8FC87FA20B5FB91
:1096D000F0F0010A8DF804108DF80500402002F02A
:1096E00079FC03460020009040227C216068F9F755
:1096F000ACFAB8F1000F06D0022301AA7421606809
:1097000000F02AFD064637B1022301AA76216068DF
:1097100000F022FD0646B9F1000F0AD0402002F009
:1097200059FC03460120009040227C216068F9F733
:109730008CFA3046C8E7000060F500082573203A2F
:1097400020617474656E756174696F6E2025752073
:109750006D6442207478313D2564207478323D2553
:10976000640000000A000000965E010038B504465F
:10977000D0F8C0001546007808B9012910D00A4673
:1097800001212046F9F781FFD4F8C01091F8841028
:1097900069B10021009101280BD0002380B109E0BC
:1097A000084909A0F9F71EFA4FF0FF3038BD012132
:1097B000F0E70123002229462046FFF76DFF38BD60
:1097C0000122F8E7DDFA00082573203A20545832C8
:1097D00020697320616E20696E76616C6964206F08
:1097E0007074696F6E20696E20317831206D6F64FE
:1097F00065210A000FB408B5059980F8901106A9F3
:109800000091DDE903129DF81831C9B2FDF7FEFBA6
:1098100001B05DF814FB000070B50446002094F818
:109820005521012561B1002A09D000BF84F85501F6
:10983000204601F039FB002801DA84F8555170BD4B
:10984000AA42FCD00120F1E710B5044610461946A3
:1098500000F0C0FC02462046D4F8A810BDE8104035
:1098600001F09EBF70B50446002501F09FFC024642
:10987000D4F84801904205D02046D4F8441101F0B4
:10988000E1FA0546284670BDD0F8C0200B4651626B
:10989000D0F8C0200121126AFDF7FCBF10B58EB0D0
:1098A000044607A8009001AB2046D4F85021FAF7EF
:1098B000FDF9002809DB07AA01A92046FFF7F0FD02
:1098C000D4E95112204601F0BDFA0EB010BD0000DF
:1098D0002DE9FF5F054640680390D5F8C04094F835
:1098E0000A9094F80B80FE49FEA0F9F77BF9FEA0E0
:1098F000F9F778F92846A16F01F058FCA0672846CF
:10990000E16F01F053FCE067A16F49084008CDE921
:109910000101607868B100266672A07948B1A0782C
:1099200038B1EF49F1A0F9F75DF9EFA0F9F75AF96D
:10993000A67194F8F6004FF0010A000601D585F8EB
:1099400056A1012240F2DF31039800F0DBFB0E222A
:1099500040F2A621039800F0D5FB0E224FF42A71A5
:10996000039800F0CFFBD4E906122846FFF704FB6A
:10997000A868EB4946683046FDF7ACFE07007DD08D
:10998000022002F027FB0346022240F2AB21CDF871
:1099900000A00398F9F759F9102002F01BFB0346C9
:1099A00010224FF42B71CDF800A00398F9F74DF970
:1099B000032002F00FFB4FF0030B03465A464FF40F
:1099C0002B71CDF800B00398F9F73FF9602002F051
:1099D00001FB034660224FF42B71CDF800B00398D1
:1099E000F9F733F9207900B1102040F0070209217E
:1099F000039800F087FB3A462846E96D01F0D0FE57
:109A0000070002D50146C7A038E104F1480204F17D
:109A100030012846FFF744FD00287DDBE86801F0AF
:109A2000BDFE070002D50146C8A027E1207830B16D
:109A3000032211462846FBF705F8032212E0E26AEA
:109A4000022A6AD2012A00D80122E262A06A022810
:109A50007ED2012800D80120A06203212846FAF70F
:109A6000F1FFA26A03212846FAF7DCFFD4E90823B4
:109A700001212846FDF70EFF002800E0A3E04BDBA4
:109A800000212846FDF7B2FD002845DB04F5927160
:109A90002846F9F7D3FE00283EDB2846A96E01F0E0
:109AA00041FE8346024604F586712846F9F7FCFD1F
:109AB000002831DBAF49B0A06F68F9F793F8AFA089
:109AC000F9F790F894F8FD203521384600F01AFB9C
:109AD00094F8FE203621384600F014FB002874DB91
:109AE00004F59A712846FCF7FFFA00286DDBA149BE
:109AF0003246CB39A2A0F9F775F8A0A0F9F772F8B1
:109B0000A4483A21B6FBF0F0401E00F07F026868DE
:109B100000F0F8FA002801E057E03FE055DB202094
:109B200002F058FA034694F80801009020222621FA
:109B30006868F9F78AF8402002F04CFA034694F876
:109B400009010090402226216868F9F77EF800E0BC
:109B500026E0B4F800014FF4FA77B0FBF7F000F01C
:109B60003F024FF49671686800F0CCFAB4F8020135
:109B700040F22D11B0FBF7F000F03F02686800F0F2
:109B8000C1FA002821DB8448216E814202D2C21032
:109B9000914207D9814206D3014604E0022254E7EC
:109BA000022059E7114630462166FDF793FD060075
:109BB00009D002462846296E01F0F2FD070007D5BC
:109BC000014676A05AE06FF0150004B0BDE8F09FA2
:109BD00032462846696E01F0E3FD070002D50146D2
:109BE00079A04BE000223146284601F09BF800287E
:109BF000EBDB01223146284601F094F80028E4DB33
:109C000055F8C00F0026867255F81C09C672D4E9B3
:109C10001A0100F0DFFA024655F8A419284601F0AF
:109C2000BFFD070002D5014672A027E0286901F0B8
:109C3000B5FD070002D5014677A01FE0686D01F071
:109C4000ADFD0028C1DBD4E91C01C5E94601D4E91A
:109C50001C01A83500F0BEFA024655F8A81928469E
:109C600001F09EFD070002D5014676A006E0686976
:109C700001F094FD070008D501467BA0F8F7B2FF7C
:109C800019A0F8F7AFFF38469FE7A86D01F086FDF1
:109C900000289ADB55F8C01F81F80A9055F81C1966
:109CA00081F80B80A17A2868FAF73EFA6868E17AB1
:109CB000A43DFAF739FA2846FDF794FB002884DB27
:109CC00004F194012846FBF77DFA0028DCDB5A46B4
:109CD00028460299FEF7D8FE0028D5DB5A46D9E07F
:109CE00012F90008257300000A00000025733A20CD
:109CF0004569746865722073657420454E534D2024
:109D000050494E4354524C206F72204644442049DF
:109D10006E646570656E64656E74204D6F64650079
:109D2000801D2C044661696C656420746F20736526
:109D3000742042422072656620636C6F636B2072F0
:109D40006174652028256429000000004661696C63
:109D5000656420746F20656E61626C6520424220EC
:109D600072656620636C6F636B2072617465202876
:109D700025642900E4F70008257300000A000000AC
:109D80002573203A207265665F636C6B5F687A208A
:109D90002575000040420F0000B4C4044661696CA0
:109DA000656420746F207365742052582053796E57
:109DB00074682072656620636C6F636B20726174D7
:109DC00065202825642900004661696C656420745B
:109DD0006F207365742054582053796E7468207214
:109DE000656620636C6F636B207261746520282543
:109DF000642900004661696C656420746F20736596
:109E0000742052582053796E7468207261746520F2
:109E100028256429000000004661696C656420748F
:109E20006F20656E61626C652052582053796E74A4
:109E3000682072656620636C6F636B202825642937
:109E4000000000004661696C656420746F207365D2
:109E5000742054582053796E7468207261746520A0
:109E600028256429000000004661696C656420743F
:109E70006F20656E61626C652054582053796E7452
:109E8000682072656620636C6F636B2028256429E7
:109E9000000000002846019900F026FB0028FFF68C
:109EA000F3AE28460299FEF78FFE0028F7DB28461E
:109EB000019900F07DFB0028F1DB2846E96E01F0F6
:109EC00031FC024659462846FEF760FA0028E6DBD8
:109ED0006C49AFF25C10F8F785FEAFF26010F8F74E
:109EE00081FE3F2240F29311686800F00BF90F22C7
:109EF0004FF4C871686800F005F901224FF4CA7187
:109F0000686800F0FFF801212846FEF715FA0028DE
:109F1000C5DB2846D5F8A41001F004FCFBF74EF988
:109F200002460B462846FDF747FC0028B7DBA06F2A
:109F3000C5F84401E06F4FF0FF33C5F82031C5F894
:109F40004801DDE90121284600F0F8FB0028A6DBE6
:109F500095F8983195F8962195F89711284600F0D4
:109F600057F900289BDB607818B904212846FEF7D2
:109F7000E3F901212846FDF739FBA27961782846EB
:109F8000FFF762F800288ADB402002F023F803463E
:109F90000096B046402277216868F8F756FECDF863
:109FA00000A02078564628B9E16A022902D0002391
:109FB00080B901E00123FBE7E06A01280AD0002212
:109FC0002846D4F88010FFF767FB0028A0DB207834
:109FD00010B10FE00122F3E70096E06A012839D0C2
:109FE0000023022838D0002227492846FFF754FBD7
:109FF00000288DDB002204F1E4012846FEF7A0F8DA
:10A00000002885DB94F8927047B3F02001F0E2FF5E
:10A0100003467800401E00906868F0220A21F8F795
:10A0200014FE002893DB04F5A471284600F026FEF8
:10A0300000288CDB0F2001F0CDFF03460F221721F3
:10A040000398F8F7EFFD85F8C500A279607870B144
:10A050000A210DE00123C4E70122C5E7102001F029
:10A06000B9FF0346CDF8008010226868D6E70821C2
:10A070002846FAF721FE85F816610448C5F8400124
:10A080000020A2E530F60008965E010000E1F5052B
:10A0900008B501236A4600F005F8002801DB9DF8A9
:10A0A000000008BD1CB5082B02D96FF015001CBDBF
:10A0B000C1F30904591E01F0070144EA01310C0AF9
:10A0C0008DF8044000938DF805101346022201A973
:10A0D00003F07EFE040008D5014605A0F8F782FDD6
:10A0E00007A0F8F77FFD20461CBD00201CBD000026
:10A0F00052656164204572726F7220256400000011
:10A100000A0000001CB5C1F3090141F400410B0A2B
:10A110008DF804308DF8051000218DF806200B46CF
:10A120000091032201A903F053FE040008D5014663
:10A1300004A0F8F757FD07A0F8F754FD20461CBD12
:10A1400000201CBD5772697465204572726F7220C1
:10A15000256400000A0000007FB51C461346054632
:10A16000082C03D96FF0150004B070BD601EC1F358
:10A17000090100F0070041EA003040F40042100AF3
:10A180008DF804008DF80520224619460DF10600D1
:10A19000F6F761F8002003460090A21C01A92846AA
:10A1A00003F016FE040008D5014605A0F8F71AFDD5
:10A1B00007A0F8F717FD2046D6E70020D4E70000F7
:10A1C0005772697465204572726F722025640000B1
:10A1D0000A00000049084FEA30007047017AC06861
:10A1E00001F00F0161F31F10112808D0122808D0C8
:10A1F000142808D0212808D06FF0150070470020DF
:10A20000704701207047022070470320704700000C
:10A210002DE9F843D0F804901E460093904613466B
:10A2200004460F460A460025274928A0F8F7DAFC1D
:10A2300033A0F8F7D7FC75224FF4B5714846FFF705
:10A2400061FF952240F26B114846FFF75BFFD4F89F
:10A25000C000807B00F007000FB1202100E000214A
:10A2600008435FEA080100D00821084340F080025B
:10A2700040F28B114846FFF745FFE02001F0AAFEAF
:10A280000346D4F8C000407B00B104200090E022D7
:10A2900040F26F114846F8F7D8FC4EB1D4F8C00030
:10A2A000017809B1032503E0806A01280AD002255C
:10A2B00045F0CC0240F269114846FFF723FF002029
:10A2C000BDE8F8830125F3E7B2F600082573203ACC
:10A2D00020626264635F747261636B3D25642C204D
:10A2E000726664635F747261636B3D25642C2072D7
:10A2F00078717561645F747261636B3D2564000001
:10A300000A0000002DE9F84315008846044602D0F3
:10A310004FF0FF3000E000208146082001F05AFE97
:10A320000346082201216068F8F77CFC08B1012788
:10A3300000E00027B8F1000F01D04DA200E04DA2CF
:10A340002B464D494DA0F8F74DFC51A0F8F74AFCBB
:10A3500085F00106B8F1000F43D0202001F03AFE4D
:10A3600003460FB1002000E028460090202215216E
:10A370006068F8F76AFC8046F02001F02BFE034687
:10A380000DB1072001E094F8C7000090F0220521EC
:10A390006068F8F75AFC40EA080794F8C80015B15D
:10A3A00040F00E0001E020F00E0084F8C800C2B2B8
:10A3B00051216068FFF7A6FE40EA0705102001F072
:10A3C00009FE009666680346102257213046F8F7CA
:10A3D0003CFC05434FEA0970020E40F2A12160687F
:10A3E00041E0402001F0F6FD03460FB1002000E0FF
:10A3F00028460090402215216068F8F726FC804628
:10A400000F2001F0E7FD03460DB1072001E094F8AD
:10A41000C60000900F2205216068F8F716FC40EA9C
:10A42000080794F8C90015B140F00E0001E020F0D3
:10A430000E0084F8C900C2B250216068FFF762FEC6
:10A440000743202001F0C6FD034600962022572135
:10A450006068F8F7FAFB40EA07054FEA8970820E58
:10A4600040F261216068FFF74DFE2843BDE8F883A4
:10A470005458000052580000E5F600082573203AB1
:10A48000202573207374617465202564000000002A
:10A490000A000000F8B50D46064614460C490DA00A
:10A4A000F8F7A0FB0FA0F8F79DFB012001F092FD4B
:10A4B000034684F00100009015B14FF41C7101E0D7
:10A4C0004FF40C7101227068F8F7BFFBF8BD000073
:10A4D000CAF600082573203A20737461746520253C
:10A4E000640000000A000000F8B516461346054651
:10A4F0000C460A46224923A0F8F774FB29A0F8F776
:10A5000071FB2948844202D241118C4203D9844212
:10A5100002D3044600E00C4642F21070B4FBF0F0A7
:10A52000224948433118491EB1FBF0F2B2F5007FD1
:10A5300002D340F2FF1401E0B1FBF0F42246D62131
:10A540006868FFF7DFFD012001F044FD0346200AA3
:10A5500000900122D7216868F8F777FB2222CA21F0
:10A560006868FFF7CFFD40212846FDF7E5FE044669
:10A570002622CA216868FFF7C5FD2046F8BD000005
:10A58000D3F500082573203A2074785F62625F6219
:10A5900077202575206262706C6C5F667265712031
:10A5A000257500000A000000002D31018C360200E4
:10A5B0002DE9FC4780460C460A463B493BA0F8F78C
:10A5C00011FB3FA0F8F70EFB3E48844202D23E4901
:10A5D0008C4203D9844202D3044600E00C4642F286
:10A5E0001070B4FBF0F543F65C500027454301269C
:10A5F0004FEA070905FB06F2344B5108C91849F127
:10A600000000CDE900100023684601F0ADFCDDE953
:10A6100000026FF00B01411842F1FF30CDE900104C
:10A62000403970F1000003D376007F1C042FE1DB7A
:10A63000DDE900213F2300209A1A884103D23F2000
:10A640000021CDE900012248844201D8592205E0C9
:10A650002048844201D8562200E05722012E1CD007
:10A66000022E1CD0042E1CD00124D021D8F80400C6
:10A67000FFF748FD05462246D121D8F80400FFF730
:10A6800041FD40EA05040098D221C2B2D8F8040086
:10A69000FFF738FD2043BDE8FC870C24E5E70424E0
:10A6A000E3E70324E1E70000F4F500082573203A0E
:10A6B0002074785F62625F62772025750000000079
:10A6C0000A000000002D3101501608000065CD1D64
:10A6D00020AA4400001BB700F8B50446012579B153
:10A6E0000121FBF793FCC4F8A00102212046FBF7EF
:10A6F0008DFCC4F8A40101231A460F49009506E019
:10A70000D4E968108142009505D101231A462046FC
:10A71000FEF7C2FFF8BD002301222046FEF7BCFF72
:10A7200006460095012300222046D4F8A411FEF726
:10A73000B3FF3043F8BD0000965E01002DE9FF4FE6
:10A740008FB00646406800270A900C979246304624
:10A75000B16F00F0E7FF81463046D6F88C1000F06C
:10A76000E1FF054600904B465246BF49BFA0F8F7AF
:10A7700039FAC6A0F8F736FA4FEACA0000EB5500DE
:10A78000B0FBF5F4641E032C15DA002C00DC002469
:10A79000601C6843A0464FEA9A0B410943465A465B
:10A7A000BBA0F8F71FFAB9A0F8F71CFAC448854215
:10A7B00003D8022002E00324EAE703200190484680
:10A7C000B9EB450F14D10E2734B1012C06D0022C61
:10A7D00007D0032C32D107E001242FE0A8F10108B3
:10A7E0002CE0A8F10208F7E7A8F10208082725E005
:10A7F000A94518D1ACB1012C06D0022C02D0032CF3
:10A800001CD10EE01F2719E03F2001F0E3FB0346B7
:10A810003F2202210A98F8F705FA222801D01A27C8
:10A820000CE015270AE0034640F68F328E49A5A0BA
:10A830000095F8F7D7F995A0F8F7D4F91298002801
:10A8400000DBC7B2601C454310986D098108EA1708
:10A850000D910020491B9146904104DB0021BBEB88
:10A860000500914106DAE9000A463046F8F740FA59
:10A8700000287DDBD6F8C000017B19B990F8F500FF
:10A88000800617D5202001F0A5FB0346002000908C
:10A89000202211210A98F8F7D8F940F2891A514676
:10A8A0000A98FFF7F5FBC0B20C90302251460A9887
:10A8B000FFF728FCC02001F08DFB03460094C02266
:10A8C000A3210A98F8F7C1F9FF22A9210A98FFF7F6
:10A8D00019FC7F22A2210A98FFF714FC0122A5216E
:10A8E0000A98FFF70FFC0122A6210A98FFF70AFC3D
:10A8F000D6F8C000C078002896F8140109D000EB03
:10A900008001C1EBC0107B494FF0290A0844202187
:10A9100008E000EB40107849C0EBC00008444FF05D
:10A920004D0A3F215FF0000404EB440202445278D8
:10A930000A40202A4DD0641C5445F5D3544505D314
:10A940006EA0F8F74FF951A0F8F74CF9F022A421C6
:10A950000A98FFF7D7FB0022AE210A98FFF7D2FB37
:10A960000DF12C0ACDF800A042463946304600E0F1
:10A9700076E0019BF8F789F904469DF82C003B46E8
:10A9800000F00102C0F3400169A0F8F72BF93FA0E5
:10A99000F8F728F99DF82C00032820D0D6F82011CC
:10A9A0001F290BD2CDF800A042463046019BF8F794
:10A9B0006CF904469DF82C00032805D0414630462A
:10A9C000019A00F0D1F80446D6F8C000017B69B9BD
:10A9D00008E02246AA210A98FFF794FBAEE7C6F8E2
:10A9E0002071F1E790F8F500800628D5202001F0CD
:10A9F000F1FA012703460097202211210A98F8F75F
:10AA000024F940F2891841460C9A0A98FFF77AFB1C
:10AA1000D6F8C000017B19B990F8F50080060ED574
:10AA2000202001F0D7FA03460097202211210A982E
:10AA3000F8F70BF941460C9A0A98FFF763FB0D995A
:10AA400000204A46491B70EB020103DBBBEB05010A
:10AA5000904104DAD6E951123046F8F749F9204618
:10AA600013B0BDE8F08F00009DF600082573203A72
:10AA70002062775F747820257520636C6B72662086
:10AA8000257520636C6B7466202575000A00000034
:10AA90005478204E434F206672657175656E6379F8
:10AAA0003A202575202842572F343A202575292031
:10AAB00074786E636F5F776F7264202564000000A6
:10AAC00000093D00556E68616E646C6564206361C9
:10AAD000736520696E202573206C696E652025647E
:10AAE00020636C6B726620257520636C6B74662026
:10AAF00025750000BBF2000806F000086661696C6D
:10AB0000656420746F2066696E6420737569746172
:10AB1000626C65204C5046205449412076616C752A
:10AB20006520696E206761696E207461626C6500E2
:10AB30004C4F206C65616B6167653A20256420513C
:10AB40007561647261747572652043616C696272CB
:10AB50006174696F6E3A202564203A2072785F70C4
:10AB600068617365202564002DE9F0438946064637
:10AB700093B0904621492248F8F734F82048001D48
:10AB8000F8F730F8002411AF01AD16E043464A460D
:10AB9000214630460097F8F778F800282BDB9DF81F
:10ABA000440000F001014942014041F340002919ED
:10ABB000401C81F820002855641CE0172021611AF0
:10ABC00070F10000E2DB12AA402101A8FAF7CEFAE8
:10ABD000129900EBD07001EB600000F01F01002023
:10ABE000C6F82011009043464A463046F8F74DF823
:10ABF000002800DB002013B0BDE8F08381F60008D8
:10AC0000789D000838B505460C460A46154916A039
:10AC1000F7F7E8FF18A0F7F7E5FF0C2001F0DAF9E5
:10AC20000346E04300900C2257216868F8F70DF8BE
:10AC3000202001F0CFF9034604F00100009020220B
:10AC40006E216868F8F701F8802001F0C3F9034627
:10AC5000C4F34000009080226E216868F7F7F5FF8A
:10AC600038BD00005BF7000825733A206D61736BF7
:10AC700020307825780000000A00000070B50C46EE
:10AC8000456826492648F7F7ADFF2548001DF7F728
:10AC9000A9FFA089000901F0B1FC00F00F02607863
:10ACA00000B1402002436E212846FFF72BFA62894B
:10ACB00069212846FFF726FA207CA27B00F03F009E
:10ACC00060F39F0270212846FFF71CFA607CE27B4C
:10ACD00000F03F0060F39F0271212846FFF712FA4F
:10ACE0006068FA21B0FBF1F278212846FFF70AFAF2
:10ACF000607A682100F01F022846FFF703FA2078E7
:10AD000008B1202200E00022207A672100F01F0015
:10AD100002432846FFF7F6F9002070BD48F7000807
:10AD2000789D0008F8B50E4604460AB1402500E0BB
:10AD3000002513460A46384938A0F7F753FF3FA0CD
:10AD4000F7F750FF172205F24B216068FFF7DAF999
:10AD5000002205F24D216068FFF7D4F9002205F2C8
:10AD600061216068FFF7CEF90B2205F5127160686A
:10AD7000FFF7C8F9022205F246216068FFF7C2F921
:10AD8000802205F23B216068FFF7BCF905F23D2106
:10AD900000220F466068FFF7B5F9D4F8C00040788C
:10ADA00008B18E2205E02648864201D9862200E0BD
:10ADB000822205F249216068FFF7A4F9D4F8C000A7
:10ADC000407850B9082001F005F9034600200090B2
:10ADD000082212216068F7F738FF04221521606805
:10ADE000FFF790F9052214216068FFF78BF9012223
:10ADF00013216068FFF786F9042239466068FFF77F
:10AE000081F901B005F511712046BDE8F04001233C
:10AE10008022F9F7B5B8000015F600082573203A2E
:10AE2000207265665F636C6B5F687A202575203AD7
:10AE30002069735F74782025640000000A00000018
:10AE4000005A620270B5002315460E4604461A46A3
:10AE50001946FFF7DDF9002824DB05212046F9F724
:10AE600001FE2A4631462046F7F742FF002819DB4B
:10AE7000C4E951656A0871084FF0FF332046FFF7B7
:10AE80005DFC00280EDB94F8983194F8962194F834
:10AE900097112046FFF7BCF9002803DB2046F9F79D
:10AEA0008BFE002070BD0000F0B5044690F89211B2
:10AEB00090F8930194F8542191B0D2B15FF000035F
:10AEC00094F8902100920391CDE9013094F89131EA
:10AED00094F8550178B100225F4960A0F7F782FE2F
:10AEE0006DA0F7F77FFE94F855016FF0150720B1BC
:10AEF00017E00123E4E70122EEE794F89021012A0C
:10AF000006D0022A0DD0042A0BD0534963A015E0C5
:10AF100094F89111402904D94F496CA0F7F762FECB
:10AF20005CE094F8541161B994F89221012A08D098
:10AF3000022A06D0042A04D0474970A0F7F752FE2F
:10AF40004CE094F857210AB101B940B32046D4F837
:10AF5000901000F0E7FB04AE014600960AAB2046D5
:10AF6000D4F85021F8F7A2FE020016D5D4F850010B
:10AF700008B16D4D00E06D4D37496DA0F7F732FE19
:10AF800045A0F7F72FFE00960AAB29462046D4F8D5
:10AF90005021F8F78BFE002824DB00250CE0182256
:10AFA00004F5AC710AA8F5F756F9182204F5B87142
:10AFB00004A8F5F750F9012594F85501A0B90999AD
:10AFC0000598B0FBF1F0020194F8910190420BD981
:10AFD0000091214965480B9BF7F704FE2EA0F7F777
:10AFE00001FE384611B0F0BD94F85401A0B9DDE976
:10AFF0000B01884201D1012000E002200B99B1FB36
:10B00000F0F00F99B0FBF1F0020194F89301904237
:10B0100002D9114956A091E704AA0AA92046FEF7D1
:10B020003FFA0028DEDBD4F8C000007D50B994F868
:10B03000550138B194F8540120B120220021204656
:10B04000F9F732F915B1D4E9621201E0D4E95112ED
:10B050002046FFF7F7FEC5E76DF9000825733A2093
:10B0600054582046495220454E3D25642F544150A6
:10B070005325642F494E5425642C205258204649AC
:10B080005220454E3D25642F5441505325642F4492
:10B0900045432564000000000A00000025733A20A3
:10B0A000496E76616C69643A20496E746572706F9E
:10B0B0006C6174696F6E20256420696E2066696C0E
:10B0C00074657220636F6E666967000025733A20AD
:10B0D000496E76616C69643A2054415053203E2099
:10B0E000363420616E6420496E746572706F6C61D5
:10B0F00074696F6E203D20310000000025733A20F6
:10B10000496E76616C69643A20446563696D617467
:10B11000696F6E20256420696E2066696C746572A3
:10B1200020636F6E6669670060E3160040420F009F
:10B1300025733A2043616C63756C6174696E672096
:10B1400066696C74657220726174657320666169EA
:10B150006C6564202564207573696E67206D696E67
:10B16000206672657175656E63790000C0FB00082A
:10B1700025733A20496E76616C69643A2072617475
:10B18000696F204144432F32202F2052585F534192
:10B190004D504C202A203136203E2054415053201F
:10B1A000286D6178202575290000000000780228AC
:10B1B00001D0064800E00648814200D219B1814220
:10B1C00000D208467047002070470000007E5603FA
:10B1D000002D310110B501786FF0150002290BD058
:10B1E000094C0121A41A994105D30849511A73F158
:10B1F000000100D3002010BD054C0021A41A994184
:10B20000F9D30449F2E7000000BCA065801D2C04BE
:10B2100000667FE2401B5F1370B5D0F8C000027873
:10B220000AB1042200E0022290F8F6006FF0150542
:10B23000C006002803DA00BF4FF0010001E04FF024
:10B240000200B2FBF0F3486903FB00F305DB15488D
:10B25000834202D9144915A01CE0D1F8040001244E
:10B26000B0FBF4F2D21A00D55242042A0BDB641C64
:10B27000032CF5DD8968012221FA02F0C01A00D5FD
:10B280004042042801DA002070BD521C042AF3DD7C
:10B2900005491148F7F7A6FC1048F7F7A3FC284624
:10B2A00070BD00000080A9031EF8000825733A2035
:10B2B0004661696C656420434D4F53204D4F4445B2
:10B2C00020444154415F434C4B203E2036312E34C4
:10B2D000344D53505300000008FC00087C9D0008CA
:10B2E000D0F8C00001780148017070479004002038
:10B2F0007047704770B505460C46406808211646F1
:10B30000B1EB104F03D2080200EB84010CE00022E5
:10B310006021284600F057F806F01F00E1B240EA2D
:10B32000012040F4003260212846BDE8704000F062
:10B330004AB810B50446FFF7D3FF20460022BDE807
:10B340001040114600F04ABDFCF7C4B808B50068CB
:10B350006A46FFF7CDFF009808BD70B50C4615464C
:10B3600006464FF48041FFF7F1FF0721B1EB104F84
:10B370000ED24FF4836000EB841421463046FFF771
:10B38000E5FF20F4702005F00F0140EA01420EE0D5
:10B390004FF4806000EB84110C463046FFF7D6FF77
:10B3A000092D0AD065B140F0020020F480622146E8
:10B3B000304600F008F8002070BD40F48062F6E7E7
:10B3C00020F00200F1E70068FFF793BF2DE9FC5F72
:10B3D00000274FF0FF39B8463D463E464FF47A7B92
:10B3E00044F6206A5846F5F749FFF7F7EDF80446AA
:10B3F00001467CA000F01EFC544507D86D1C4C454E
:10B4000000D2A146444500D9A0462744761C0A2E06
:10B41000E8DB032D12D309EB0800381A6843A91E94
:10B42000B0FBF1F0B0FBF5F421467AA000F002FC8D
:10B430008448844204D984A000F0FCFBBDE8FC9F52
:10B44000DFF828926946D9F80000FAF71DFDDDE91A
:10B450000001DFF81CB200235A4605460E46F4F7F9
:10B46000B9FEDFF810A2174652460023284631469F
:10B47000F4F7B0FE0546104619465A460023F4F785
:10B48000A9FE024629463B467BA000F0D3FBDDE93E
:10B4900000034FF00008021945466B41D9F800003F
:10B4A000FDF788FFDDE900010019694105460F46F7
:10B4B0005A460023F4F78EFE164628463946524671
:10B4C0000023F4F787FE0546104619465A46002326
:10B4D000F4F780FE02462946334673A000F0AAFB2B
:10B4E0004FF4FA50F5F7CAFE49F64047F7F76CF803
:10B4F0000646B842FAD801463AA000F09BFBDDE9C7
:10B500000003021B5948454663EB05030068FDF73D
:10B5100051FFDDE90001001B61EB05018146884612
:10B520005A460023F4F756FE4846DFF84891924603
:10B5300041464A460023F4F74DFE80461046194620
:10B540005A460023F4F746FE02464146534656A0AB
:10B5500000F070FB4FF4FA50F5F790FE4FEA070841
:10B56000F7F732F807464045FAD839461DA000F0F3
:10B5700061FBA64203D9A74201D933A00CE0DDE963
:10B580000010BE4203D9091B60EB050001E0091958
:10B590006841CDE9001050A000F04CFB3348DDE9D4
:10B5A00000230068FDF706FFDDE900015D465A460D
:10B5B000002304460F46F4F70DFE16464A460023C4
:10B5C00020463946F4F706FE0446194610462A4638
:10B5D0000023F4F7FFFD02462146334647A000F062
:10B5E00029FB2BE75B43616C6962726174696F6E62
:10B5F0005D3A3A43757272656E7420467265717574
:10B60000656E6379204572726F723A256420487ABC
:10B610000A0000005B43616C6962726174696F6E5D
:10B620005D3A3A417665726167652046726571756B
:10B63000656E6379204572726F723A256420487A8C
:10B640000A000000A08601005B43616C69627261C0
:10B6500074696F6E5D3A3A43616C696272617469D4
:10B660006F6E204661696C210A000000080000200E
:10B6700040420F0000CA9A3B5B43616C6962726191
:10B6800074696F6E5D3A3A43757272656E74204CE0
:10B690006F204672657175656E63793A256425641D
:10B6A000256420487A0A00005B43616C696272611C
:10B6B00074696F6E5D3A3A53657474696E67204CB5
:10B6C0006F204672657120746F3A202564256425C9
:10B6D0006420487A0A0000005B43616C6962726111
:10B6E00074696F6E5D3A3A43616C69627261746944
:10B6F0006F6E20446F6E65210A0000005B43616C31
:10B700006962726174696F6E5D3A3A4E6577204C7A
:10B710006F20467265713A25642564256420487A55
:10B720000A00000010B50C460146227C0020142AB5
:10B7300033D2DFE802F00A0A0A1E2828282828281F
:10B74000282828280C0C1414191988681FE0607C1C
:10B7500001EB8000C06841682046FCF7EDF8204608
:10B76000BDE81040FCF7D8B82046BDE81040FCF713
:10B77000F1BA607C01EB8000C06841682046BDE8FA
:10B780001040F8F7B7B8607C01EB8000C0684168F2
:10B790002046BDE81040F8F735BC10BD00207047CA
:10B7A0002DE9F0410446087C0D4604EB80069046E6
:10B7B000F16801274A68414642457DD0142864D289
:10B7C000DFE800F00A0A0A45B5B5B5B5B5B5B5B5B7
:10B7D000B5B5181835353939A26841462846121DC5
:10B7E000F8F71CFC0146A06842682846F8F74EFCB2
:10B7F000A068B2E0687C414604EB8000C26828463D
:10B80000121DFCF749F90146687C04EB8000C06812
:10B8100042682846FCF770F9687C04EB8000C06839
:10B8200041682846FCF788F8F16848602DE04146F9
:10B830002846FCF778F841462846FCF7B4FA01465A
:10B840002846FCF7E9FA2846FCF784FAECE7687C1E
:10B85000414604EB8000C2682846121DF8F770F8D4
:10B860000146687C04EB8000C06842682846F8F70F
:10B87000A5F8687C04EB8000C06841682846F8F7AA
:10B8800039F8A169486084F8F8710025A06804EBD4
:10B8900085064168F06DF8F7B5FBF1686D1C032D66
:10B8A0004860F3DBA06E417C04EB8101C968496804
:10B8B000F8F720F8A16900E054E00425C1F804007D
:10B8C00004EB8506F06D417C04EB8101C968496891
:10B8D000F8F798FBF1686D1C0E2D4860F0DB0E2523
:10B8E00004EB8506F06D417C04EB8101C968496871
:10B8F000FCF722F8F1686D1C102D4860F0DB102574
:10B9000004EB8506F06DFCF707F8F1686D1C122D4D
:10B910004860F5DB5FF0120504EB8506F06DFCF77F
:10B9200019FAF1686D1C142D4860F5DB3CE0687C69
:10B93000414604EB8000C2682846121DF8F76EFBF2
:10B940000146687C04EB8000C06842682846F8F72E
:10B950009DFB687C04EB8000C06841682846F8F7CE
:10B9600051FB61E703281FD194F8F801E0B9687C26
:10B9700004EB8000C2682846121DF7F7E1FF01467C
:10B98000687C04EB8000C06842682846F8F716F827
:10B99000687C04EB8000C06841682846F7F7AAFF7E
:10B9A000A169486084F8F8710020BDE8F0810000CA
:10B9B0002DE9FF4F00262DED068B89B015460F4669
:10B9C0008146012400960196B046142285A103A861
:10B9D0000296F4F740FCA11E07E000BF19F806200C
:10B9E000904200D00C46761CF6B2B85D212806D0F5
:10B9F0003F2804D03D2802D0621CEFD1B1E0621C88
:10BA00000AD0C2B2212A08D03F280ED03D2812D039
:10BA1000022C15D0012C13D0A3E019F80600212820
:10BA200001D100249DE00C469BE019F806003F2858
:10BA3000F9D1012404E019F806003D28F3D10224CD
:10BA4000761C06F0FF0A9FED6CABEB469FED6C8B0E
:10BA50000BE020281BD00BF808000AF1010000F0D1
:10BA6000FF0A08F1010000F0FF0819F80A000A288F
:10BA700001D00D28EDD1B8F1000F72D085ED00ABEB
:10BA80009DF8000030285ED02D2871D05FE085ED54
:10BA900000AB9DF80000302802D02D2848D003E0EC
:10BAA0009DF80100782819D06846F7F769F985ED07
:10BAB000000B129812990078401C08700020024672
:10BAC000594608350A54401CC0B20A28FAD30AF174
:10BAD00001004FF0000800F0FF0AC6E7022724E04B
:10BAE0005FF0000603A81BF80710805D814216D1A5
:10BAF00095ED000BB0EE481AF0EE681A53EC112BDE
:10BB000051EC100BF4F772FC41EC190B3046F4F7D2
:10BB10004EFD53EC192BF4F7C2FBC5E90001761C6E
:10BB2000F6B2102EDED37F1CFFB24745D8D3C0E754
:10BB30000BF10100F7F724F951EC100B81F00041F3
:10BB4000C5E90001B5E79DF80100782811D06846E5
:10BB5000F7F716F985ED000B129812990078401C42
:10BB6000087009B02046BDEC068B04B0BDE8F08F2C
:10BB70002CE0022727E00026DA460DF10C0900BF71
:10BB80001AF8071019F80600814216D195ED000B3E
:10BB9000B0EE481AF0EE681A53EC112B51EC100B72
:10BBA000F4F724FC41EC190B3046F4F700FD53EC9C
:10BBB000192BF4F774FBC5E90001761CF6B2102EC0
:10BBC000DED37F1CFFB24745D5D3C5E70BF101009B
:10BBD000F7F7D6F851EC100B81F00041C5E90001F0
:10BBE000BAE7000030313233343536373839414224
:10BBF0004344454600000000000000000000000033
:10BC0000000000000000304038B5054600208DF8E7
:10BC100000000446684602F0FFF89DF80000285531
:10BC2000641C9DF80000E4B20A2801D00D28F1D16F
:10BC300038BD00000FB42DE9F04700252DED028B33
:10BC400001260DF12C0A0A9CB8E0252803D000BF7C
:10BC500002F0ECF8B1E0002006E000BF08EB88003D
:10BC6000400030380844C0B214F8011F8046A1F1EA
:10BC700030000928F2D9C8B22E280DD1002505E0E0
:10BC800005EB8500400030380844C5B214F8011FA8
:10BC9000A1F130000928F3D9C8B266282BD004DC02
:10BCA000632807D0642872D10AE0732805D0782869
:10BCB0006DD108E01AF8040BCAE75AF8040B7AE0D1
:10BCC0005AF8040B74E05AF8049B4FF08050082790
:10BCD00002E000097F1EFFB24845FAD804E0302098
:10BCE00002F0A4F87F1CFFB24745F8D3B9F1000079
:10BCF00063D010215DE00AF1070020F00700B0ECEE
:10BD0000028B82469DB3284606EB86014E00401EFC
:10BD100010F0FF00F8D13046F4F749FC53EC182B33
:10BD2000F4F764FB9FED2A0B41EC180B53EC102B3E
:10BD3000F4F7A6FC08D251EC180B81F0004141EC5D
:10BD4000180B2D2002F072F851EC180BF4F748FC98
:10BD50008046B0FBF6F00A2100F094FC02F072F885
:10BD60002E2002F063F80A271B483A4608E0FFE756
:10BD700003200546C8E700BFB0FBF2F07F1EFFB20C
:10BD8000B8FBF6F306FB13818142F5D305E014E01E
:10BD9000302002F04BF87F1CFFB2AF42F8D3B8FB63
:10BDA000F6F106FB118040B1B8FBF6F106FB1180FD
:10BDB0000A2100F067FC02F045F8641C2078002896
:10BDC0007FF443AFBDEC028BBDE8F0075DF814FBD8
:10BDD000000000000000000000CA9A3B7047704756
:10BDE000704700001CB504464078104BC0EB0010B3
:10BDF00003EBC00040F821202046FFF7F1FF4FF68B
:10BE0000FF70A2FB0010CDE900106078C0EB0010BD
:10BE100003EBC0000023806E0268684600F0A4F8BF
:10BE200000212046FFF7DBFF1CBD00001C0A00209C
:10BE30001CB5044640780E4BC0EB001003EBC0006D
:10BE400000EB810002622046FFF7CAFF100C1104CC
:10BE5000084A0023891840F10000CDE90010520083
:10BE6000684600F081F800212046FFF7B8FF1CBDAE
:10BE70001C0A002020BF020070B504464078062648
:10BE8000C0EB0013144800EBC30000EB8103C56E48
:10BE90001249B6EB154F0BD28A4201DB196412E04E
:10BEA0000E484042824201DC18640CE01A640AE049
:10BEB0008A4201DB0A4602E0002A00DC0022084830
:10BEC0001A64B0FBF2F02046FFF78AFF2046BDE877
:10BED00070400021FFF783BF1C0A002040420F0082
:10BEE00020A107000248416D02A0FFF7A3BE000099
:10BEF0001C0A00206464735F7478325F746F6E652F
:10BF0000325F7363616C653D25640A0070B5154E40
:10BF10000546002468782146C0EB001006EBC000FF
:10BF200050F824202846FFF75DFF68782146C0EBD3
:10BF3000001006EBC00000EB8400026A2846FFF701
:10BF400077FF68782146C0EB001006EBC00000EBDD
:10BF50008400026C2846FFF78FFF641C072CD9D998
:10BF600070BD00001C0A002010B50446D4E9000191
:10BF7000F4F730F9C4E900011046194610BD00007D
:10BF800010B5002918D090ED000B51EC100BF4F710
:10BF900046FBC1B20948012908D000220221F5F769
:10BFA000C0FA07A0BDE81040FFF744BE01220221FD
:10BFB000F5F7B7FA05A0F5E710BD00000004024050
:10BFC00046414E204F46460A0000000046414E20A2
:10BFD0004F4E0A0000210204120C01D11021000C66
:10BFE00010F0FF0F01D1000A0831020701D100094A
:10BFF000091D820701D18008891CC00700D1491C96
:10C000000846704713B54FF6FF7301226946024890
:10C01000F6F74CF900981CBDD809002010B500288F
:10C0200021D0114B0022001F196803E0814203D880
:10C030000A4649680029F9D152B11368841A9C4212
:10C0400004D1006818441060104602E0506000E01F
:10C05000186039B102680B1A934203D10B681A4475
:10C0600002604968416010BD9C08002002480168D8
:10C0700002A0FFF7DFBD00001C0A00206464735FAC
:10C080007478315F746F6E65315F667265713D25DE
:10C09000640A000004484FF47A71006AB0FBF1F1C1
:10C0A00002A0FFF7C7BD00001C0A00206464735F94
:10C0B0007478315F746F6E65315F70686173653D70
:10C0C00025640A000248016C02A0FFF7B3BD00001E
:10C0D0001C0A00206464735F7478315F746F6E654E
:10C0E000315F7363616C653D25640A0002484168F5
:10C0F00002A0FFF79FBD00001C0A00206464735F6C
:10C100007478315F746F6E65325F667265713D255C
:10C11000640A000004484FF47A71406AB0FBF1F100
:10C1200002A0FFF787BD00001C0A00206464735F53
:10C130007478315F746F6E65325F70686173653DEE
:10C1400025640A000248416C02A0FFF773BD00009D
:10C150001C0A00206464735F7478315F746F6E65CD
:10C16000325F7363616C653D25640A0002480169B2
:10C1700002A0FFF75FBD00001C0A00206464735F2B
:10C180007478325F746F6E65315F667265713D25DC
:10C19000640A000004484FF47A71006BB0FBF1F1BF
:10C1A00002A0FFF747BD00001C0A00206464735F13
:10C1B0007478325F746F6E65315F70686173653D6E
:10C1C00025640A000248016D02A0FFF733BD00009C
:10C1D0001C0A00206464735F7478325F746F6E654C
:10C1E000315F7363616C653D25640A0002484169F3
:10C1F00002A0FFF71FBD00001C0A00206464735FEB
:10C200007478325F746F6E65325F667265713D255A
:10C21000640A000004484FF47A71406BB0FBF1F1FE
:10C2200002A0FFF707BD00001C0A00206464735FD2
:10C230007478325F66325F70686173653D25640AA9
:10C240000000000070B508A0FFF7F4FC0C4D0024BE
:10C2500005EB0410D0E900120AA0FFF7EBFC641C08
:10C26000E4B23E2CF4D370BD417661696C61626CBE
:10C270006520636F6D6D616E64733A0A00000000A3
:10C28000A4040020257320202D2025730A0000001F
:10C2900010B5F6F799F90146BDE8104001A0FFF787
:10C2A000C9BC000043757272656E74204672657178
:10C2B00075656E6379204572726F723A2564204805
:10C2C0007A0A000001A0FFF7B5BC00005573652095
:10C2D000656D7074793A20636F6D6D616E642E6365
:10C2E0003A3A6765745F72656769737465720A00CC
:10C2F00008B506486A4600210068F9F7BFFD9DF8B9
:10C30000001003A0FFF796FC08BD00000800002005
:10C310007278315F67635F6D6F64653D25640A0005
:10C3200008B505486A4600210068F9F7BFFD03A07B
:10C330000099FFF77FFC08BD080000207278315F8C
:10C3400072665F6761696E3D25640A0008B506483C
:10C350006A4601210068F9F791FD9DF8001003A0DD
:10C36000FFF768FC08BD0000080000207278325F0B
:10C3700067635F6D6F64653D25640A0008B5054815
:10C380006A4601210068F9F791FD03A00099FFF7C3
:10C3900051FC08BD080000207278325F72665F674A
:10C3A00061696E3D25640A0008B505486946006864
:10C3B000F9F7D5FC9DF8001002A0FFF73BFC08BD83
:10C3C0000800002072785F6669725F656E3D2564C3
:10C3D0000A0000001CB5094869460068F9F754FDD9
:10C3E000DDE90001064A0023F3F7F4FECDE9000180
:10C3F000014604A0FFF71EFC1CBD00000800002041
:10C4000040420F0072785F6C6F5F667265713D2508
:10C41000640A000008B5054869460068F9F740FD60
:10C4200003A00099FFF706FC08BD000008000020EB
:10C4300072785F72665F62616E6477696474683D8A
:10C4400025640A0008B5054869460068F9F76AFDE1
:10C4500003A00099FFF7EEFB08BD000008000020D4
:10C4600072785F73616D705F667265713D25640AF5
:10C470000000000008B505486A4600210068F9F789
:10C48000D9FD03A00099FFF7D5FB08BD08000020E7
:10C490007478315F617474656E756174696F6E3D37
:10C4A00025640A0008B505486A4601210068F9F7C5
:10C4B000C1FD03A00099FFF7BDFB08BD08000020E7
:10C4C0007478325F617474656E756174696F6E3D06
:10C4D00025640A0008B5054869460068F9F7E0FDDB
:10C4E0009DF8001002A0FFF7A5FB08BD0800002082
:10C4F00074785F6669725F656E3D25640A000000AE
:10C500001CB5094869460068F9F7D3FDDDE900016B
:10C51000064A0023F3F75EFECDE90001014604A0C0
:10C52000FFF788FB1CBD00000800002040420F0000
:10C5300074785F6C6F5F667265713D25640A0000F8
:10C5400008B5054869460068F9F7BFFD03A00099E2
:10C55000FFF770FB08BD00000800002074785F72D0
:10C56000665F62616E6477696474683D25640A0081
:10C5700008B5054869460068F9F7ACFD03A00099C5
:10C58000FFF758FB08BD00000800002074785F73B7
:10C59000616D705F667265713D25640A0000000080
:10C5A0000A460121102801D20B4B0DE0202802D2AF
:10C5B0000A4B103808E0302802D2094B203803E03B
:10C5C000402808D2074B3038814089B202B101229D
:10C5D0001846F4F7A6BF704700000240000402406E
:10C5E00000080240000C0240002801DB01207047D7
:10C5F00000207047C9B2C0B2FFF7D2BF011400D00B
:10C600000121002202EB0112C943491C01EA204327
:10C6100088431844011200D0012102EBC102C94332
:10C62000491C01EA202388431844011100D001214C
:10C6300002EB8102C943491C01EA201388431844D4
:10C64000811000D0012102EB4102C943491C01EADB
:10C65000A00388431844401000D0012010447047C4
:10C6600002460020012A01D8104670474FF0804151
:10C67000431840089A4201D3D21A08448908F7D1D6
:10C680007047000070B586B00D460446002614229F
:10C690000EA16846F3F7DFFD1148002C03DA0A2DDE
:10C6A00001D1012664426946B4FBF5F205FB124252
:10C6B000B4FBF5F48A5C00F80129002CF4D116B122
:10C6C0002D2100F8011906B0401C70BD3031323305
:10C6D000343536373839414243444546000000007E
:10C6E000940800202DED028BD0B0F4F72DFFF6F763
:10C6F000DDF8F5F76BFEF5F747FFF5F7EFFEF5F719
:10C700000FFFF5F72DFE954F4FF48076002231464E
:10C710003846F4F706FFDFF848924FF4005800223D
:10C72000444641464D464846F4F7FBFE4FF4FA6056
:10C73000F4F7A4FD0120F5F799FF8AA0F6F752FA65
:10C74000012231463846F4F7ECFE01222146284604
:10C75000F4F7E7FE87484FF0FF31C0F8E811C0F862
:10C76000EC11C0F8F011C0F8F4110221017001467B
:10C770000838F9F779FD824601467FA0F6F732FACC
:10C780004FF490752A4682496846F3F764FD804865
:10C790000C38A0F5517490E80E00A068FDF72AF857
:10C7A0002A4604F509716846F3F755FD04F506704D
:10C7B00090E80E00A068FCF723FD0321A068FCF7B9
:10C7C0000FFC4BA9A068F9F7ADFB4EA9A068F9F7DB
:10C7D00081FC70A0F6F706FA4B980546F3F7E7FEE2
:10C7E0009FED708B53EC182BF3F772FE41EC100B9E
:10C7F000294653EC102B6DA0F6F7F4F94E98054638
:10C80000F3F7D5FE53EC182BF3F762FE41EC100B57
:10C81000294653EC102B6CA0F6F7E4F94CA9A0685C
:10C82000F9F732FB48A9A068F9F743FC6DA0F6F7C9
:10C83000D9F9DDE94C0105460E46F3F7C5FE9FED3B
:10C840006C8B53EC182BF3F743FECDE900012A461D
:10C85000334669A0F6F7C6F9DDE9480105460E46FC
:10C86000F3F7B2FE53EC182BF3F732FECDE90001DB
:10C870002A46334667A0F6F7B5F900221146A068AC
:10C88000FCF774FF0A220021A068FCF7B3FD002129
:10C89000A068FCF7F9FFA06817214068FDF7F8FBD6
:10C8A000C5B2A06802214068FDF7F2FBC6B2A068DD
:10C8B00040F247214068FDF7EBFBC7B25CA0F6F7FA
:10C8C00091F9C5F3001229465FA0F6F78BF93146BE
:10C8D00066A0F6F787F9C7F3400239466AA0F6F773
:10C8E00081F90025724F734EBAF1000F03D072A088
:10C8F000FFF7A0F9FEE77848FFF786F9A5702570E5
:10C9000018E007EB001065701A4B734A01680F3B83
:10C91000283A7148FFF74CF86060401C1AD0207824
:10C92000617807EB0010C2686B4828389047207880
:10C93000401C2070207831788842E2D3A078C9B2B8
:10C94000884202D165A0FFF775F941464846F4F7E1
:10C95000E0FDD0E7A078401CA070E8E700000240AE
:10C960000008024053797374656D205374617274CA
:10C970000A000000100000206164393336315F691D
:10C980006E69742072657475726E3A2025640A00AF
:10C99000500300200AE98787E6A0B7E9A291E78E55
:10C9A000873A0A000000000080842E41202052585F
:10C9B0003A20257520487A2028252E3266204D53AE
:10C9C0005053290A00000000202054583A202575B1
:10C9D00020487A2028252E3266204D535053290AAC
:10C9E000000000000A4C4FE9A291E78E873A0A0046
:10C9F0000000000065CDCD41202052583A20256C22
:10CA00006C7520487A2028252E33662047487A29DD
:10CA10000A000000202054583A20256C6C752048EC
:10CA20007A2028252E33662047487A290A000000FC
:10CA30000A3D3D3D2046696E616C205374617475FA
:10CA400073203D3D3D0A0000454E534D202830786F
:10CA5000303137293A203078253032582028545840
:10CA60005F4F4E3D2564290A0000000054582043C2
:10CA700074726C20283078303032293A2030782592
:10CA80003032580A00000000504C4C204C6F636B51
:10CA900020283078323437293A20307825303258FF
:10CAA000202854585F504C4C3D2564290A00000052
:10CAB000A40400207CFB000841443933363120496E
:10CAC0006E697469616C697A6174696F6E20466120
:10CAD000696C6564210A0000D0080020496E766107
:10CAE0006C696420636F6D6D616E64210A000000E3
:10CAF000F0B50B30154D20F007010024144A0FE06B
:10CB000003688B420BD38B4205D95E1A43184768E2
:10CB1000C3E9006700E04368136002C004E0021D3F
:10CB200010680028ECD12046002802D1286808B1FE
:10CB30000020F0BD064A07481060074A121A22F08A
:10CB40000702C0E9002401202860D7E7A0080020E0
:10CB50009C080020140B0020101B0020F4F78EBB53
:10CB60000248017802A0FFF765B800009404002095
:10CB70006C65645F73746174653D25640A00000030
:10CB800010B500291AD090ED000B51EC100BF3F703
:10CB900046FDC0B20A49012809D000204870094862
:10CBA000F5F770F908A0BDE81040FFF743B8012081
:10CBB00048700448F5F730F909A0F4E710BD00000B
:10CBC00094040020900900204C454420496E74656F
:10CBD00072727570742044697361626C65640A00D6
:10CBE0004C454420496E7465727275707420456EB0
:10CBF00061626C65640A000070B52DED028B9FEDDB
:10CC0000368A3648F4F7B6FA64213448F4F75CFA09
:10CC1000D0B93248F4F716FA00EE100AF0EE040A22
:10CC20009FED2F1AB8EE400A60EE200A80EE810ACE
:10CC3000DFED2C0A9FED2C1A30EE600AC0EE010ADF
:10CC4000B3EE090A30EE808ADFED288A6425BDEE56
:10CC5000C80A10EE104A28EE280ABDEEC00A10EEEF
:10CC6000100A90FBF5F105FB11061C48F4F7E8FAF1
:10CC7000324621461EA0FEF7DDFF23480E21006844
:10CC80004068FDF705FAC3B200EE103ADFED1F0A67
:10CC9000B8EE400A30EE600ADFED1D0A80EE201A81
:10CCA0009FED1C0A31EE000AFDEEC00A20EE280AB4
:10CCB00010EE901ABDEEC00A10EE100A90FBF5F2CD
:10CCC00005FB1202002A00DA5242BDEC028B12A0D0
:10CCD000BDE87040F5F786BF00000000F0080020B6
:10CCE00000F07F455C8F423F0AD7233B0000C842DB
:10CCF0004D43552054656D703A2025642E25303201
:10CD00006420430D0A000000080000200000684273
:10CD100085EB913F00007042414439333631205455
:10CD2000656D703A2025642E25303264204320281A
:10CD30005261773A202564290D0A00002DE9FC474D
:10CD400004465020FFF7D4FEC4F8AC0000287DD084
:10CD50001420C4F8B00015264FF0020ACDE900A651
:10CD600048236AA26EA12046F7F712FA60614FF0DD
:10CD70000109CDE90096482364A26CA12046F7F78B
:10CD800007FA20610025CDE9005648235FA26AA179
:10CD90002046F7F7FDF9E0600327CDE90075482349
:10CDA00065A268A12046F7F7F3F9A061042648239D
:10CDB00064A267A12046CDE90067F7F7E9F9E061D1
:10CDC0004FF00508CDE90086482361A262A1204604
:10CDD000F7F7DEF920620627CDE9007848235EA246
:10CDE0005FA12046F7F7D4F960624FF00708CDE95C
:10CDF000008748235AA25CA12046F7F7C9F9A06230
:10CE00000820CDE90008482357A25AA12046F7F789
:10CE1000BFF9E0620927CDE9007648234CA259A169
:10CE20002046F7F7B5F920630A26482355A257A1F3
:10CE30002046CDE90067F7F7ABF90B276063CDE932
:10CE40000076482351A253A1204600E055E0F7F7B1
:10CE50009FF9A0630C2648234EA250A12046CDE99D
:10CE60000067F7F795F9E0630D20CDE90006482348
:10CE70004AA24DA12046F7F78BF920640E21CDE997
:10CE80000019482329A24CA12046F7F781F96064D4
:10CE90000F21CDE9001A482321A24AA12046F7F725
:10CEA00077F9A0641020CDE900054823002248A1AD
:10CEB0002046F7F76DF9E0641120CDE9000548231D
:10CEC000002247A12046F7F763F920651220CDE93B
:10CED00000054823002238A12046F7F759F960657C
:10CEE0001320CDE900054823002236A12046F7F79C
:10CEF0004FF9A0650020BDE8FC873DA0F5F772FE64
:10CF000042A0F5F76FFE6FF00B00F4E76164393370
:10CF100036315F6578745F726566636C6B00000024
:10CF200074785F726566636C6B00000072785F7284
:10CF30006566636C6B00000062625F726566636CBD
:10CF40006B0000006262706C6C5F636C6B000000D1
:10CF50006164635F636C6B0072325F636C6B0000D3
:10CF600072315F636C6B0000636C6B72665F636C45
:10CF70006B00000072785F73616D706C5F636C6B47
:10CF8000000000006461635F636C6B0074325F6378
:10CF90006C6B000074315F636C6B0000636C6B74CE
:10CFA000665F636C6B00000074785F73616D706C1A
:10CFB0005F636C6B0000000072785F7266706C6C6F
:10CFC0000000000074785F7266706C6C00000000F6
:10CFD00072785F7266706C6C5F64756D6D7900005D
:10CFE00074785F7266706C6C5F64756D6D7900004B
:10CFF000636F756C64206E6F7420616C6C6F63611D
:10D000007465206D656D6F72790000000A00000084
:10D010002DE9FC410546002931D01A4C69462068AB
:10D02000F8F732FF95ED000B51EC100BF3F710FB06
:10D03000DDE90023121A63EB0103CDE90023206828
:10D04000FCF7B8F9DDE900010F4F00233A4604462A
:10D050000D46F3F7BFF816460C4A00232046294632
:10D06000F3F7B8F80446194610463A460023F3F79A
:10D07000B1F802462146334605A0FEF7DBFDBDE8C8
:10D08000FC8100000800002040420F0000CA9A3BCB
:10D090004E6577205258204C4F2046726571756559
:10D0A0006E63793A25642564256420487A0A000075
:10D0B0002DE9FC410546002930D0194C694620680D
:10D0C000F8F7E2FE95ED000B51EC100BF3F7C0FA08
:10D0D000DDE9002312184B41CDE900232068FCF75D
:10D0E00069F9DDE900010F4F00233A4604460D4679
:10D0F000F3F770F816460C4A002320462946F3F74A
:10D1000069F80446194610463A460023F3F762F8D8
:10D1100002462146334605A0FEF78CFDBDE8FC81A2
:10D120000800002040420F0000CA9A3B4E6577205D
:10D130005258204C4F204672657175656E63793A7E
:10D1400025642564256420487A0A000070B590EDB6
:10D15000000B0D4651EC100BF3F761FA044685B154
:10D160000A4D024600212868FEF73CFE22460221B5
:10D170002868FEF737FE2146BDE8704004A0FEF7A0
:10D1800059BDBDE87040012000F0F4BD080000204A
:10D190006464735F7478315F746F6E65315F66725B
:10D1A00065713D25640A000070B590ED000B0D46D9
:10D1B00051EC100BF3F733FA044605B3124D4FF45C
:10D1C0007A7004FB00F200212868FEF731FE5A2C29
:10D1D00001D504F5B4744FF47A705A3C04FB00F2A4
:10D1E00002212868FEF724FE08484FF47A71006A8D
:10D1F000BDE87040B0FBF1F105A0FEF71BBDBDE836
:10D200007040012000F0B6BD080000201C0A00207C
:10D210006464735F7478315F746F6E65315F7068DA
:10D220006173653D25640A0070B590ED000B0D46F5
:10D2300051EC100BF3F7D4F904468DB10B4D0246B7
:10D2400000212868FEF718FE224602212868FEF712
:10D2500013FE0748016CBDE8704006A0FEF7EABC6B
:10D26000BDE87040012000F085BD000008000020EE
:10D270001C0A00206464735F7478315F746F6E659C
:10D28000315F7363616C653D25640A0070B590ED94
:10D29000000B0D4651EC100BF3F7C1F9044685B1B4
:10D2A0000A4D024601212868FEF79CFD2246032113
:10D2B0002868FEF797FD2146BDE8704004A0FEF700
:10D2C000B9BCBDE87040012000F054BD080000204A
:10D2D0006464735F7478315F746F6E65325F667219
:10D2E00065713D25640A000070B590ED000B0D4698
:10D2F00051EC100BF3F793F9044605B3124D4FF4BC
:10D300007A7004FB00F201212868FEF791FD5A2C87
:10D3100001D504F5B4744FF47A705A3C04FB00F262
:10D3200003212868FEF784FD08484FF47A71406AAB
:10D33000BDE87040B0FBF1F105A0FEF77BBCBDE895
:10D340007040012000F016BD080000201C0A0020DB
:10D350006464735F7478315F746F6E65325F706898
:10D360006173653D25640A0070B590ED000B0D46B4
:10D3700051EC100BF3F734F904468DB10B4D024616
:10D3800001212868FEF778FD224603212868FEF770
:10D3900073FD0748416CBDE8704006A0FEF74ABC2B
:10D3A000BDE87040012000F0E5BC0000080000204E
:10D3B0001C0A00206464735F7478315F746F6E655B
:10D3C000325F7363616C653D25640A0070B590ED52
:10D3D000000B0D4651EC100BF3F721F9044685B113
:10D3E0000A4D024604212868FEF7FCFC224606216D
:10D3F0002868FEF7F7FC2146BDE8704004A0FEF760
:10D4000019BCBDE87040012000F0B4BC0800002049
:10D410006464735F7478325F746F6E65315F6672D7
:10D4200065713D25640A000070B590ED000B0D4656
:10D4300051EC100BF3F7F3F8044605B3124D4FF41B
:10D440007A7004FB00F204212868FEF7F1FC5A2CE4
:10D4500001D504F5B4744FF47A705A3C04FB00F221
:10D4600006212868FEF7E4FC08484FF47A71006B47
:10D47000BDE87040B0FBF1F105A0FEF7DBBBBDE8F5
:10D480007040012000F076BC080000201C0A00203B
:10D490006464735F7478325F746F6E65315F706857
:10D4A0006173653D25640A0070B590ED000B0D4673
:10D4B00051EC100BF3F794F804468DB10B4D024676
:10D4C00004212868FEF7D8FC224606212868FEF7CA
:10D4D000D3FC0748016DBDE8704006A0FEF7AABB6B
:10D4E000BDE87040012000F045BC000008000020AD
:10D4F0001C0A00206464735F7478325F746F6E6519
:10D50000315F7363616C653D25640A0070B590ED11
:10D51000000B0D4651EC100BF3F781F8044685B172
:10D520000A4D024605212868FEF75CFC22460721C9
:10D530002868FEF757FC2146BDE8704004A0FEF7BE
:10D5400079BBBDE87040012000F014BC0800002049
:10D550006464735F7478325F746F6E65325F667295
:10D5600065713D25640A000070B590ED000B0D4615
:10D5700051EC100BF3F753F8044605B3124D4FF47A
:10D580007A7004FB00F205212868FEF751FC5A2C42
:10D5900001D504F5B4744FF47A705A3C04FB00F2E0
:10D5A00007212868FEF744FC08484FF47A71406B65
:10D5B000BDE87040B0FBF1F105A0FEF73BBBBDE854
:10D5C0007040012000F0D6BB080000201C0A00209B
:10D5D0006464735F7478325F746F6E65325F706815
:10D5E0006173653D25640A0070B590ED000B0D4632
:10D5F00051EC100BF2F7F4FF04468DB10B4D0246CF
:10D6000005212868FEF738FC224607212868FEF726
:10D6100033FC0748416DBDE8704006A0FEF70ABB29
:10D62000BDE87040012000F0A5BB0000080000200C
:10D630001C0A00206464735F7478325F746F6E65D7
:10D64000325F7363616C653D25640A002DE9F84320
:10D65000074646689068002514468846401C04D159
:10D660002069401C01D1606928B11CA0F5F7BAFA05
:10D6700027A0F5F7B7FA3846D7F8A410FEF752F806
:10D68000F7F79CFDF8F796FD00EB400007EBC000B4
:10D690006168D0F8D020CC30914202DB8368994297
:10D6A00009DD83681BA0F5F79DFA19A0F5F79AFA32
:10D6B0006FF015050FE0891AC268406991FBF2F11D
:10D6C0000C187F20FEF786FC03467F224146304639
:10D6D0000094F5F7BAFA2846BDE8F88349676E6FFB
:10D6E00072696E67206C6D742F6C70662F64696749
:10D6F0006974616C206761696E7320696E2053697B
:10D700006E676C65205461626C65206D6F646500A6
:10D710000A000000496E76616C6964206761696E79
:10D720002025642C20737570706F7274656420728C
:10D73000616E6765205B2564202D2025645D0000F7
:10D7400010B591B190ED000B51EC100BF2F767FFA3
:10D75000C4B20848224600210068FBF7EDFD2146CF
:10D76000BDE8104004A0FEF765BABDE810400120F6
:10D7700000F000BB080000207278315F67635F6DC6
:10D780006F64653D25640A0010B591B190ED000B02
:10D7900051EC100BF2F724FF044602460748002123
:10D7A0000068FBF727FE2146BDE8104004A0FEF705
:10D7B00041BABDE81040012000F0DCBA08000020AA
:10D7C0007278315F72665F6761696E3D25640A0039
:10D7D00010B591B190ED000B51EC100BF2F71FFF5B
:10D7E000C4B20848224601210068FBF7A5FD214686
:10D7F000BDE8104004A0FEF71DBABDE810400120AE
:10D8000000F0B8BA080000207278325F67635F6D7D
:10D810006F64653D25640A0010B591B190ED000B71
:10D8200051EC100BF2F7DCFE0446024607480121DA
:10D830000068FBF7DFFD2146BDE8104004A0FEF7BD
:10D84000F9B9BDE81040012000F094BA08000020AA
:10D850007278325F72665F6761696E3D25640A00A7
:10D8600010B589B190ED000B51EC100BF2F7D7FE1B
:10D87000C4B2084821460068FBF7D6FC2146BDE843
:10D88000104005A0FEF7D6B9BDE81040012000F019
:10D8900071BA00000800002072785F6669725F65E7
:10D8A0006E3D25640A00000070B5002922D090ED7D
:10D8B000000B51EC100BF2F7CBFE0F4C0246A2FB13
:10D8C000040501FB0451002302FB031104460B482D
:10D8D0000D460B4622460068FBF76CFD064A002306
:10D8E00020462946F2F776FCBDE87040014604A0C8
:10D8F000FEF7A0B970BD000040420F0008000020F4
:10D9000072785F6C6F5F667265713D25640A000016
:10D9100010B589B190ED000B51EC100BF2F77FFEC2
:10D920000446014607480068FBF752FD2146BDE862
:10D93000104005A0FEF77EB9BDE81040012000F0C0
:10D9400019BA00000800002072785F72665F626199
:10D950006E6477696474683D25640A0038B5B9B1AE
:10D9600090ED000B51EC100BF2F759FE0A4C0146FA
:10D9700000902068FBF77AFD69462068F8F7D2FA34
:10D980002068FEF7C3FA05A00099FEF753F938BDE9
:10D99000012000F0EFF938BD0800002072785F73B5
:10D9A000616D705F667265713D25640A000000005C
:10D9B0002DE9F8430746D0F80490906800251446F6
:10D9C0000E466FF01508282805D82069182802D8B7
:10D9D00060691F2812D928212DA0F5F703F938A076
:10D9E000F5F700F9182137A0F5F7FCF834A0F5F7A2
:10D9F000F9F81F213FA0F5F7F5F838E06068002836
:10DA000005DD45A0F5F7EEF82DA0F5F7EBF8A068D9
:10DA100018B9206908B9606930B37F20FEF7DAFAD7
:10DA20000346A06800907F2231464846F5F70DF97D
:10DA30001F20FEF7CFFA0346206900901F22711CB9
:10DA40004846F5F702F9D7F8C00090F8A10098B160
:10DA50001F20FEF7BFFA0346606900901F22B11C29
:10DA60004846F5F7F2F80FE036A0F5F7BBF814A03A
:10DA7000F5F7B8F8454607E0606928B140A0F5F72A
:10DA8000B1F80FA0F5F7AEF82846BDE8F88300001E
:10DA90004C4D545F494E444558206D697373696E0F
:10DAA00067206F72206772656174657220746861A7
:10DAB0006E206D61782076616C75652025640000AC
:10DAC0000A0000004C50465F4741494E206D697383
:10DAD00073696E67206F722067726561746572206A
:10DAE0007468616E206D61782076616C75652025A3
:10DAF000640000004449474954414C5F4741494E46
:10DB00002063616E6E6F74206265206D6F72652098
:10DB10007468616E2025640049676E6F72696E6774
:10DB20002072785F6761696E2076616C7565206927
:10DB30006E2073706C6974207461626C65206D6F07
:10DB400064652E00496E2073706C69742074616284
:10DB50006C65206D6F64652C20416C6C204C4D54BD
:10DB60002F4C50462F6469676974616C2067616946
:10DB70006E732063616E6E6F7420626520300000EA
:10DB80004469676974616C206761696E20697320FC
:10DB900064697361626C656420616E642063616EA8
:10DBA0006E6F7420626520736574000010B591B1CA
:10DBB00090ED000B51EC100BF2F731FD04460246DC
:10DBC000074800210068FBF7D1FD2146BDE8104061
:10DBD00004A0FEF72FB8BDE81040012000F0CAB83D
:10DBE000080000207478315F617474656E7561742B
:10DBF000696F6E3D25640A0010B591B190ED000B80
:10DC000051EC100BF2F70BFD0446024607480121C8
:10DC10000068FBF7ABFD2146BDE8104004A0FEF70D
:10DC200009B8BDE81040012000F0A4B808000020A9
:10DC30007478325F617474656E756174696F6E3D7E
:10DC400025640A0010B589B190ED000B51EC100B62
:10DC5000F2F7E5FCC4B2084821460068FBF7DCFD9A
:10DC60002146BDE8104005A0FDF7E4BFBDE8104027
:10DC7000012000F07FB800000800002074785F6683
:10DC800069725F656E3D25640A00000070B5002969
:10DC900022D090ED000B51EC100BF2F7D9FC0F4C99
:10DCA0000246A2FB040501FB0451002302FB031101
:10DCB00004460B480D460B4622460068FBF7C4FDA0
:10DCC000064A002320462946F2F784FABDE8704050
:10DCD000014604A0FDF7AEBF70BD000040420F003A
:10DCE0000800002074785F6C6F5F667265713D2577
:10DCF000640A000010B561B190ED000B51EC100BFF
:10DD0000F2F78DFC014605480068BDE81040FBF7BE
:10DD1000A9BDBDE81040012000F02CB8080000208B
:10DD200038B5B9B190ED000B51EC100BF2F777FC60
:10DD30000A4C014600902068FBF7B0FD6946206858
:10DD4000F8F7C8F92068FEF7E1F805A00099FDF79B
:10DD500071FF38BD012000F00DF838BD080000202B
:10DD600074785F73616D705F667265713D25640ADA
:10DD70000000000010B5044608A0FDF75BFF0C484A
:10DD800000EB04140BA0D4E90012FDF753FFA168C7
:10DD9000BDE810400AA0FDF74DBF0000496E766156
:10DDA0006C696420706172616D65746572210A002E
:10DDB000A4040020257320202D2025730A000000D4
:10DDC0004578616D706C653A2025730A000000008B
:10DDD0002DE9F0470F4F144688464FF400569946F8
:10DDE000002231463846089DF3F79BFB24B1A2B2CE
:10DDF00000214046F4F7C2FC1DB1A9B24846F4F731
:10DE00009DFC012231463846F3F78BFB0020BDE82C
:10DE1000F08700000004024001464FF0FF3301226A
:10DE20000148F4F7E3B90000D809002001B54FF02C
:10DE3000FF33012269460248F4F738FA08BD0000B2
:10DE4000D809002010B5044602E0641CFFF7EEFF7D
:10DE500020780028F9D110BD002100EB800000E0FF
:10DE6000491CB1EB400FFBD3704770B50546FEF778
:10DE70003FFE040002D02946F2F706FA0120FEF721
:10DE80006DFE204670BD0000000000000000010291
:10DE90000304060708090000000001020304000053
:10DEA000FA003D310D0104020F0C070E060E050F9E
:10DEB000D52F0D0104020F0C070E060E050F822E42
:10DEC0000D0104020F0C070F060E050F442D0D0166
:10DED00004020F0C080F060E050F182C0D0104028A
:10DEE0000F0C080F060E050FFF2A0D0104020F0C80
:10DEF000090F060E050FF6290D0104020F0C090F7C
:10DF0000060E050FFC280D0106020F0C0A0F060E67
:10DF1000050F12280D0106020F0C0A0F060E050F41
:10DF200034270D0106020F0C0B0F060E050F63269A
:10DF30000D0106020E0C0B0F060E050F9F250D019D
:10DF400006020D0C0C0F060E050FE5240D0106024E
:10DF50000C0C0C0F060E050F35240D0106020C0CDF
:10DF60000D0F060E050F8F230D0106020C0C0D0F71
:10DF7000060E050FF2220D0106020C0C0E0F060E06
:10DF8000050F5D220C0107020C0C0D0F060E050F8C
:10DF9000CF210C0107020C0C0E0F060E050F4821B5
:10DFA0000C0107020C0C0E0F060E050FC8200C0109
:10DFB00007020C0C0F0F060E050F4D200C01070277
:10DFC0000C0C0F0F060E050FD91F0C0107020C0CCD
:10DFD000100F060E050F691F0C0107020D0C100F24
:10DFE000060E050FFE1E0B0107020C0C100F060E8D
:10DFF000050F971E0B0107020C0C100F060E050FE4
:10E00000351E0A0107030D0C100F060E050FD61D55
:10E010000A0107020C0C100F060E050F7B1D0A01EA
:10E0200007020C0C110F060E050F231D0A01070233
:10E030000C0C110F060E050FCE1C0A0207030E0D65
:10E040000E0F060E050F7B1C0A0207030E0D0E0FA6
:10E05000060E050F2C1C0A0207030E0D0E0F060EEE
:10E06000050FDF1B0A0207030E0D0F0F070E050F2A
:10E07000951B0A0207030E0D0F0F060E050F4C1B12
:10E080000A0107030C0E140F060E050F061B0902EA
:10E0900007030E0D0F0F060E050FC21A0902070324
:10E0A0000E0D0F0F060E050F801A090207020D0D47
:10E0B0000F0F060E050F401A090207020D0D100F73
:10E0C000060E050F021A080207030E0D0F0F060EAB
:10E0D000050FC519080207020D0D0F0F060E050FDB
:10E0E0008B19080207020D0D0F0F060E050F5219AE
:10E0F000080207020D0D100F060E050F1B1907026F
:10E1000007030E0D0F0F060E050FE5180702070394
:10E110000F0D0F0F060E050FB118070207030F0DA5
:10E120000F0F060E050F7E18070207030F0D100FC5
:10E13000060E050F4E18070207030F0D100F060EEF
:10E14000050F1E18060207030F0D0F0F060E050F11
:10E15000F017060207030F0D0F0F060E050FC3176A
:10E16000060207030F0D100F060E050F9817060283
:10E1700007030F0D100F060E050F6D17060207039C
:10E180000F0D100F060E050F3D310D0104020F0C8F
:10E190000D0F0C0C050ED52F0D0104020F0C0D0FE9
:10E1A0000C0C050E822E0D0104020F0C0D0F0D0C30
:10E1B000050D442D0D0104020F0C0E0F0D0C050D65
:10E1C000182C0D0105020F0C0F0F0D0C050DFF2A69
:10E1D0000D0105020F0C100F0D0C050DF6290D0198
:10E1E00005020F0C100F0C0C050EFC280D01060289
:10E1F0000F0C110F0C0C050E12280D0106020F0C4E
:10E20000120F0D0C050D34270D0106020F0C130F14
:10E210000D0C050D63260D0106020E0C140F0D0CDE
:10E22000050D9F250D0106020D0C150F0D0C050D9A
:10E23000E5240D0106020C0C160F0D0C050D3524FE
:10E240000D0106020C0C160F0C0C050E8F230D0190
:10E2500006020C0C170F0D0C050DF2220D01060223
:10E260000C0C180F0D0C050D5D220C0107020C0C97
:10E27000180F0D0C050DCF210C0107020C0C190F06
:10E280000D0C050D48210C0107020C0C190F0D0C8B
:10E29000050DC8200C0107020C0C1A0F0D0C050D02
:10E2A0004D200C0107020C0C1B0F0D0C050DD91F86
:10E2B0000C0107020C0C1C0F0D0C050D691F0C0145
:10E2C00007020D0C1D0F0D0C050DFE1E0B010702A4
:10E2D0000C0C1C0F0D0C050D971E0B0107020C0CEE
:10E2E0001D0F0D0C050D351E0A0107030D0C1C0F2B
:10E2F0000D0C050DD61D0A0107020C0C1D0F0D0C8F
:10E30000050D7B1D0A0107020C0C1D0F0D0C050DE0
:10E31000231D0A0107020C0C1E0F0D0C050DCE1C4F
:10E320000A0207030E0D180F0D0C050D7B1C0A02C7
:10E3300007030E0D190F0D0C050D2C1C0A02070307
:10E340000E0D190F0D0C050DDF1B0A0207030E0D34
:10E350001A0F0D0C050D951B0A0207030E0D1A0F5F
:10E360000D0C050D4C1B0A0107030C0E230F0D0CA1
:10E37000050D061B090107030C0E210F0D0C050DE1
:10E38000C21A090107030C0E220F0D0C050D801A8D
:10E39000090107020B0E230F0D0C050D401A090190
:10E3A00007020B0E230F0D0C050D021A08020703BE
:10E3B0000F0D1A0F0D0C050DC519080207020F0DE0
:10E3C0001B0F0D0C050D8B19080207020F0D1B0FFB
:10E3D0000D0C050D5219080207020F0D1C0F0D0C34
:10E3E000050D1B19070207030E0D1B0F0D0C050D64
:10E3F000E518070207030F0D1B0F0D0C050DB118D3
:10E40000070207030F0D1B0F0D0C050D7E180702E9
:10E4100007030F0D1C0F0D0C050D4E180702070307
:10E420000F0D1C0F0D0C050D1E18060207030F0D16
:10E430001B0F0D0C050DF017060207030F0D1B0F28
:10E440000D0C050DC317060207030F0D1C0F0D0C55
:10E45000050D9817060207030F0D1C0F0D0C050D77
:10E460006D17060207030F0D1D0F0D0C050D3D3135
:10E470000D0104020F0C070F060D050ED52F0D011F
:10E4800004020F0C070F060D050E822E0D0104026B
:10E490000F0C070F060D050E442D0D0104020F0C85
:10E4A000070E060E040E182C0D0104020F0C080FA7
:10E4B000060D050EFF2A0D0104020F0C080E060DB5
:10E4C000050EF6290D0104020F0C090F060D050EAD
:10E4D000FC280D0106020F0C090E060D050E122870
:10E4E0000D0106020F0C0A0F060D050E34270D0153
:10E4F00006020F0C0A0F060D050E63260D0106021B
:10E500000E0C0B0F060D050E9F250D0106020D0CBE
:10E510000B0F060D050EE5240D0106020C0C0C0F69
:10E52000060D050E35240D0106020C0C0C0F060D10
:10E53000050E8F230D0106020C0C0D0F060D050EA6
:10E54000F2220D0106020C0C0D0F060D050E5D22C8
:10E550000C0107020C0C0D0F060D050ECF210C014E
:10E5600007020C0C0E0F060D050E48210C010702C8
:10E570000C0C0E0F060D050EC8200C0107020C0C2A
:10E580000F0F070D050E4D200C0107020C0C0F0F8D
:10E59000060D050ED91F0C0107020C0C0F0F060DFE
:10E5A000050E691F0C0107020D0C100F060D050E5C
:10E5B000FE1E0B0107020C0C0F0F060D050E971E19
:10E5C0000B0107020C0C100F060D050E351E0A017B
:10E5D00007030D0C0F0F060D050ED61D0A010702CD
:10E5E0000C0C100F060D050E7B1D0A0107020C0C0A
:10E5F000100F060D050E231D0A0107020C0C110F4A
:10E60000060D050ECE1C0A0207030E0D0D0F060D9A
:10E61000050E7B1C0A0207030E0D0E0F060D050EDC
:10E620002C1C0A0207030E0D0E0F060D050EDF1B34
:10E630000A0207030E0D0E0F060D050E951B0A02AA
:10E6400007030E0D0F0F060D050E4C1B0A010703E5
:10E650000C0E130F060D050E061B090207030E0D07
:10E660000E0F060D050EC21A090207030E0D0F0F3D
:10E67000060D050E801A090207020D0D0F0F060D7B
:10E68000050E401A090207020D0D0F0F060D050EAB
:10E69000021A080207030E0D0F0F060D050EC5190D
:10E6A000080207020D0D0F0F060D050E8B1908024B
:10E6B00007020D0D0F0F060D050E52190802070275
:10E6C0000D0D0F0F060D050E1B19070207030E0D8A
:10E6D0000F0F060D050EE518070207030F0D0F0FAC
:10E6E000060D050EB118070207030F0D0F0F060DDB
:10E6F000050E7E18070207030F0D0F0F060D050EFE
:10E700004E18070207030F0D100F060D050E1E18F9
:10E71000060207030F0D0F0F060D050EF017060278
:10E7200007030F0D0F0F060D050EC3170602070393
:10E730000F0D0F0F060D050E9817060207030F0D9C
:10E74000100F060D050E6D17060207030F0D100FB3
:10E75000060D050E3D310D0104020F0C1B0C0F0CB4
:10E76000040DD52F0D0104020F0C1B0C0F0C040D12
:10E77000822E0D0104020F0C1A0B0F0C040D442DF8
:10E780000D0104020F0C1C0C0F0C040D182C0D01B4
:10E7900004020F0C1E0C0F0C040DFF2A0D010402C5
:10E7A0000F0C200C0F0C040DF6290D0104020F0CA8
:10E7B000210C0F0C040DFC280D0106020F0C230C7C
:10E7C0000F0C040D12280D0106020F0C250C0F0C66
:10E7D000040D34270D0106020F0C260C0F0C040D3E
:10E7E00063260D0106020E0C280C0F0C040D9F254C
:10E7F0000D0106020D0C2A0C0F0C040DE5240D0171
:10E8000006020C0C2C0C0F0C040D35240D01060215
:10E810000C0C2D0C0F0C040D8F230D0106020C0C9B
:10E820002F0C0F0C040DF2220D0106020C0C310C02
:10E830000F0C040D5D220C0107020C0C300C0F0CA8
:10E84000040DCF210C0107020C0C320C0F0C040D2F
:10E8500048210C0107020C0C330C0F0C040DC820CE
:10E860000C0107020C0C350C0F0C040D4D200C0193
:10E8700007020C0C370C0F0C040DD91F0C010702FA
:10E880000C0C380C0F0C040D691F0C0107020D0C49
:10E890003A0C0F0C040DFE1E0B0107020C0C390C78
:10E8A0000F0C040D971E0B0107020C0C3A0C0F0CF9
:10E8B000040D351E0A0107030D0C380C0F0C040D56
:10E8C000D61D0A0107020C0C3A0C0F0C040D7B1D1F
:10E8D0000A0107020C0C3B0C0F0C040D231D0A014E
:10E8E00007020C0C3D0C0F0C040DCE1C0A02070392
:10E8F0000E0D310C0F0C040D7B1C0A0207030E0DCC
:10E90000320C0F0C040D2C1C0A0207030E0D330CE5
:10E910000F0C040DDF1B0A0207030E0D340C0F0C45
:10E92000040D951B0A0207030E0D350C0F0C040D88
:10E930004C1B0A0107030C0E3F0B0E0C030D061BAC
:10E94000090207030E0D340C0F0C040DC21A090244
:10E9500007030E0D350C0F0C040D801A0902070277
:10E960000D0D360C0F0C040D401A090207020D0D97
:10E97000380C0F0C040D021A080207030E0D350C9B
:10E980000F0C040DC519080207020D0D360C0F0CF3
:10E99000040D8B19080207020D0D370C0F0C040D26
:10E9A0005219080207020D0D380C0F0C040D1B192B
:10E9B000070207030E0D360C0F0C040DE5180702B5
:10E9C00007030F0D360C0F0C040DB11807020703D7
:10E9D0000F0D370C0F0C040D7E18070207030F0DE7
:10E9E000380C0F0C040D4E18070207030F0D390CDD
:10E9F0000F0C040D1E18060207030F0D360C0F0C2A
:10EA0000040DF017060207030F0D370C0F0C040D51
:10EA1000C317060207030F0D380C0F0C040D9817CF
:10EA2000060207030F0D390C0F0C040D6D170602BB
:10EA300007030F0D3A0C0F0C040D3D310D010402BC
:10EA40000F0C1A0B0F0B040DD52F0D0104020F0C28
:10EA50001A0B0F0B040D822E0D0104020F0C1A0C61
:10EA60000F0B040C442D0D0104020F0C1E0C0F0B98
:10EA7000040C182C0D0104020F0C200C0F0A040CBE
:10EA8000FF2A0D0104020F0C1F0C0F0B040CF629BA
:10EA90000D0104020F0C210C0F0A040CFC280D01BF
:10EAA00006020F0C250C0F0A040C12280D01060299
:10EAB0000F0C260C0F0B040D34270D0106020F0C52
:10EAC000260C0F0A040C63260D0106020E0C2A0CFC
:10EAD0000F0B040C9F250D0106020D0C290C0F0BCA
:10EAE000040CE5240D0106020C0C2D0C0F0B040C7C
:10EAF00035240D0106020C0C2F0C0F0B040C8F2378
:10EB00000D0106020C0C2E0C0F0B040CF2220D0151
:10EB100006020C0C300C0F0A040C5D220C010702DB
:10EB20000C0C310C0F0B040DCF210C0107020C0C47
:10EB3000330C0F0B040C48210C0107020C0C320C97
:10EB40000F0B040CC8200C0107020C0C340C0F0A2C
:10EB5000040C4D200C0107020C0C380C0F0A040C9D
:10EB6000D91F0C0107020C0C370C0F0B040C691F8A
:10EB70000C0107020D0C390C0F0A040CFE1E0B01D0
:10EB800007020C0C370C0F0B040C971E0B0107022D
:10EB90000C0C390C0F0A040C351E0A0107030D0C6E
:10EBA000370C0F0B040CD61D0A0107020C0C3B0C92
:10EBB0000F0A040C7B1D0A0107020C0C3C0C0F0B06
:10EBC000040C231D0A0107020C0C300C0F0B040C63
:10EBD000CE1C0A0207030E0D2F0C0F0B040D7B1C1D
:10EBE0000A0207030E0D310C0F0A040C2C1C0A023A
:10EBF00007030E0D320C0F0A040CDF1B0A02070379
:10EC00000E0D340C0F0B040D951B0A0207030E0D9D
:10EC1000340C0F0B040C4C1B0A0107030C0E3F0BAA
:10EC20000F0B040D061B090107030C0E3F0B0F0B06
:10EC3000040DC21A090107030C0E3F0B0F0B040D44
:10EC4000801A090107020B0E3F0B0F0B040D401A2F
:10EC5000090107020B0E3F0B0E0B030D021A0801F0
:10EC600007030C0E3F0B0F0B040DC519080107021B
:10EC70000B0E3F0B0E0B030D8B19080107020B0E39
:10EC80003F0A0E0B030D5219080107020B0E3F0A33
:10EC90000E0B030D1B19070207030E0D360C0F0A8E
:10ECA000040CE518070207030F0D350C0F0B040CBD
:10ECB000B118070207030F0D360C0F0B040C7E185A
:10ECC000070207030F0D370C0F0B040C4E18070239
:10ECD00007030F0D380C0F0B040C1E180602070358
:10ECE0000F0D350C0F0B040CF017060207030F0D68
:10ECF000370C0F0B040CC317060207030F0D370C5C
:10ED00000F0A040C9817060207030F0D380C0F0AA0
:10ED1000040C6D17060207030F0D390C0F0A040CC3
:10ED20003D310D0104020F0C150C0F0B040DD52FF6
:10ED30000D0104020F0C150C0F0B040D822E0D019A
:10ED400004020F0C140B0F0B040D442D0D010402D3
:10ED50000F0C160C0F0B040C182C0D0105020F0CD8
:10ED6000170C0F0B040DFF2A0D0105020F0C190CD7
:10ED70000F0A040CF6290D0105020F0C1A0C0F0BDB
:10ED8000040DFC280D0106020F0C1B0B0F0B040DCC
:10ED900012280D0106020F0C1D0C0F0A040C34275B
:10EDA0000D0106020F0C1E0C0F0B040C63260D0147
:10EDB00006020E0C1F0C0F0B040D9F250D01060201
:10EDC0000D0C210C0F0A040CE5240D0106020C0C9D
:10EDD000220C0F0B040C35240D0106020C0C230C25
:10EDE0000F0B040D8F230D0106020C0C250C0F0ACE
:10EDF000040CF2220D0106020C0C260C0F0B040C65
:10EE00005D220C0107020C0C250C0F0B040DCF2109
:10EE10000C0107020C0C270C0F0B040C48210C01F1
:10EE200007020C0C280C0F0B040CC8200C01070265
:10EE30000C0C290C0F0B040D4D200C0107020C0CBF
:10EE40002B0C0F0A040CD91F0C0107020C0C2C0C04
:10EE50000F0B040C691F0C0107020D0C2D0C0F0B7E
:10EE6000040CFE1E0B0107020C0C2C0C0F0B040CE7
:10EE7000971E0B0107020C0C2D0C0F0B040D351EF9
:10EE80000A0107030D0C2C0C0F0B040CD61D0A01F4
:10EE900007020C0C2D0C0F0B040C7B1D0A01070242
:10EEA0000C0C2E0C0F0B040C231D0A0107020C0C7A
:10EEB0002F0C0F0B040DCE1C0A0207030E0D260C9F
:10EEC0000F0B040C7B1C0A0207030E0D270C0F0A04
:10EED000040C2C1C0A0207030E0D280C0F0A040C4C
:10EEE000DF1B0A0207030E0D290C0F0A040C951BE9
:10EEF0000A0207030E0D290C0F0B040D4C1B0A010F
:10EF000007030C0E360C0F0B040C061B090207033B
:10EF10000E0D290C0F0A040CC21A090207030E0D6C
:10EF20002A0C0F0A040C801A090207020D0D2A0C84
:10EF30000F0B040D401A090207020D0D2B0C0F0BCD
:10EF4000040D021A080207030E0D290C0F0B040D05
:10EF5000C519080207020D0D2A0C0F0B040C8B19A2
:10EF6000080207020D0D2B0C0F0B040C521908029E
:10EF700007020D0D2C0C0F0B040C1B1907020703C5
:10EF80000E0D2A0C0F0A040CE518070207030F0DDB
:10EF90002A0C0F0B040DB118070207030F0D2B0CE1
:10EFA0000F0B040C7E18070207030F0D2C0C0F0B20
:10EFB000040C4E18070207030F0D2D0C0F0A040C4A
:10EFC0001E18060207030F0D2A0C0F0B040DF01775
:10EFD000060207030F0D2B0C0F0B040CC3170602C0
:10EFE00007030F0D2C0C0F0A040C981706020703D9
:10EFF0000F0D2C0C0F0B040D6D17060207030F0DE0
:10F000002D0C0F0B040C000020000000000000007D
:10F0100001000002000003000004000005000103DD
:10F02000200104000105000106000107000108009D
:10F03000010900010A00010B00010C00010D000193
:10F040000E00020920020A00020B00020C00020D51
:10F0500000020E00020F00021000022B20022C0002
:10F06000042820042900042A00042B002420202442
:10F070002100442020442100442200442300442451
:10F080000044250044260044270044280044290069
:10F09000442A00442B00442C00442D00442E0044FC
:10F0A0002F00443000443100443200642E20642F8D
:10F0B0000064300064310064320064330064340062
:10F0C00064350064360064370064380065382066B3
:10F0D00038206738206838206938206A38206B3833
:10F0E000206C38206D38206E38206F3820000020CA
:10F0F000000000000000000100000200000300000A
:10F1000004000005000103200104000105000106C0
:10F1100000010700010800010900010A00010B00BD
:10F12000010C00010D00010E00020920020A00027C
:10F130000B00020C00020D00020E00020F00021074
:10F1400000022B20022C00042720042800042900A0
:10F15000042A00042B0024212024220044202044DF
:10F160002100442200442300442400442500442676
:10F1700000442700442800442900442A00442B006E
:10F18000442C00442D00442E00442F004430004401
:10F190003100642E20642F0064300064310064323A
:10F1A0000064330064340064350064360064370062
:10F1B0006438006538206638206738206838206950
:10F1C00038206A38206B38206C38206D38206E3833
:10F1D000206F382000002000000000000000000028
:10F1E00000000000010000020000030001012001F6
:10F1F00002000103000104200105000106000107CF
:10F2000000010800010900010A00010B00010C00C7
:10F21000020820020900020A00020B20020C000270
:10F220000D00020E00020F00022A20022B0004270C
:10F2300020042800042900042A00042B00042C00C8
:10F24000042D0024202024210024220044202044D6
:10F250002100442200442300442400442500442685
:10F2600000442700442800442900442A00442B007D
:10F27000442C00442D00442E00642E20642F006492
:10F28000300064310064320064330064340064355B
:10F290000064360064370064380065382066382022
:10F2A0006738206838206938206A38206B38206C2D
:10F2B00038206D38206E38206F3820001820001854
:10F2C00000001800001800001800001800001820A6
:10F2D00001182002182004182004382005382006C0
:10F2E00038200738200838200938200A38200B3801
:10F2F000200C38200D38200E38200F3820243820DC
:10F3000025382044382045382046382047382048C2
:10F3100038206438206538206638206738206838FF
:10F32000206938206A38206B38206C38206D3820EE
:10F330006E38206F382000182000180000180000D8
:10F34000180000180000180000180000182001180C
:10F350002002182004182004382005382006382000
:10F360000738200838200938200A38200B38200CAC
:10F3700038200D38200E38200F3820253820263828
:10F38000204438204538204638204738206438202B
:10F390006538206638206738206838206938206A48
:10F3A00038206B38206C38206D38206E38206F384C
:10F3B0002000182000180000180000180000180095
:10F3C00000180000180000180000180000180001C4
:10F3D0001820021820041820043820053820063888
:10F3E000200738200838200938200A38200B382018
:10F3F0000C38200D38200E38200F38206238202598
:10F400003820263820443820643820653820663873
:10F41000206738206838206938206A38206B382007
:10F420006C38206D38206E38206F38207874706CFE
:10F430006864605C5854504C48301800000D151B2F
:10F440002125292C2F313334353A3D3E051113182F
:10F45000030E1115FC0A0D0E0003090D0E0F1011FD
:10F4600012131415161718190003090E0F10111294
:10F47000131415161718191A0003080C0D0E0F1087
:10F480001112131415161718C00000002E000000EA
:10F49000100000000600000000000000C000000096
:10F4A0002C0000001000000006000000000000001A
:10F4B000B80000002C000000100000000600000052
:10F4C00000000000A0000000240000001000000068
:10F4D00006000000000000006164393336315F72BD
:10F4E00065736574006164393336315F62697374C2
:10F4F0005F6C6F6F706261636B00616439333631CA
:10F500005F626973745F707262730061643933366D
:10F51000315F626973745F746F6E65006164393363
:10F5200036315F72756E5F63616C696272617469B6
:10F530006F6E006164393336315F6C6F61645F6791
:10F5400074006164393336315F6C6F61645F6D697B
:10F550007865725F676D5F7375627461626C650078
:10F560006164393336315F7365745F74785F6174D9
:10F5700074656E006164393336315F7266706C6C2D
:10F580005F76636F5F696E69740061643933363129
:10F590005F72785F6164635F736574757000616446
:10F5A000393336315F72785F7469615F63616C69AA
:10F5B00062006164393336315F72785F62625F6125
:10F5C0006E616C6F675F66696C7465725F63616CB6
:10F5D0006962006164393336315F74785F62625FFB
:10F5E000616E616C6F675F66696C7465725F6361A1
:10F5F0006C6962006164393336315F74785F6262CE
:10F600005F7365636F6E645F66696C7465725F6378
:10F61000616C6962006164393336315F7478727885
:10F620005F73796E74685F63705F63616C696200B9
:10F630006164393336315F62625F64635F6F66664F
:10F640007365745F63616C6962006164393336317C
:10F650005F72665F64635F6F66667365745F636144
:10F660006C6962005F5F6164393336315F75706465
:10F670006174655F72665F62616E64776964746805
:10F68000006164393336315F74785F717561645F2E
:10F6900070686173655F7365617263680061643986
:10F6A0003336315F74785F717561645F63616C6973
:10F6B00062006164393336315F747261636B696E05
:10F6C000675F636F6E74726F6C00616439333631DB
:10F6D0005F7472785F76636F5F63616C5F636F6E98
:10F6E00074726F6C006164393336315F7472785FA5
:10F6F0006578745F6C6F5F636F6E74726F6C0061BE
:10F7000064393336315F73796E74685F6C6F5F7024
:10F710006F776572646F776E006164393336315F7D
:10F720007365745F7265665F636C6B5F6379636C4E
:10F730006573006164393336315F7365745F646388
:10F74000786F5F74756E65006164393336315F744C
:10F75000786D6F6E5F7365747570006164393336F0
:10F76000315F74786D6F6E5F636F6E74726F6C0073
:10F770006164393336315F72665F706F72745F73C4
:10F7800065747570006164393336315F70705F7015
:10F790006F72745F736574757000616439333631EC
:10F7A0005F67635F73657475700061643933363108
:10F7B0005F6175786461635F736574006164393398
:10F7C00036315F6175786461635F7365747570006D
:10F7D0006164393336315F6175786164635F736585
:10F7E000747570006164393336315F6374726C5FB5
:10F7F0006F7574735F736574757000616439333647
:10F80000315F67706F5F7365747570006164393361
:10F8100036315F727373695F73657475700061640C
:10F82000393336315F76616C69646174655F747217
:10F83000785F636C6F636B5F636861696E006164BE
:10F84000393336315F7365745F7472785F636C6FE0
:10F85000636B5F636861696E006164393336315F81
:10F8600063616C63756C6174655F72665F636C6F16
:10F87000636B5F636861696E000000000C03020245
:10F88000080202020603010204020201030301014D
:10F8900002020101010101016164393336315F6601
:10F8A0006173746C6F636B5F6C6F6164006164396A
:10F8B0003336315F666173746C6F636B5F73746F43
:10F8C0007265006164393336315F666173746C6FE1
:10F8D000636B5F70726570617265006164393336A5
:10F8E000315F666173746C6F636B5F726563616CCB
:10F8F0006C006164393336315F666173746C6F63B9
:10F900006B5F73617665006164393336315F6D63B7
:10F9100073006164393336315F73657475700061EB
:10F9200064393336315F646F5F63616C69625F7243
:10F93000756E006164393336315F76657269667958
:10F940005F6669725F66696C7465725F636F656636
:10F95000006164393336315F6C6F61645F66697270
:10F960005F66696C7465725F636F656600616439B8
:10F970003336315F76616C69646174655F656E61B1
:10F98000626C655F666972006164393336315F634A
:10F990006C6B5F666163746F725F726F756E645FCC
:10F9A00072617465006164393336315F636C6B5F1B
:10F9B000666163746F725F7365745F726174650012
:10F9C0006164393336315F6262706C6C5F73657489
:10F9D0005F72617465006164393336315F726670DD
:10F9E0006C6C5F696E745F726563616C635F72619A
:10F9F0007465006164393336315F7266706C6C5FB8
:10FA0000696E745F726F756E645F726174650061B8
:10FA100064393336315F7266706C6C5F696E745F27
:10FA20007365745F72617465006164393336315F88
:10FA30007266706C6C5F7365745F7261746500618F
:10FA400064393336315F636C6B5F6D75785F7365F6
:10FA5000745F706172656E74006164393336315F52
:10FA6000696E6974006164393336315F7365745F40
:10FA700072785F72665F6761696E00616439333600
:10FA8000315F6765745F72785F72665F6761696E28
:10FA9000006164393336315F7365745F72785F6C0F
:10FAA0006F5F696E745F65787400616439333631F5
:10FAB0005F6765745F72785F727373690061643940
:10FAC0003336315F7365745F72785F6761696E5F4B
:10FAD000636F6E74726F6C5F6D6F64650061643923
:10FAE0003336315F7365745F74785F617474656E0B
:10FAF000756174696F6E006164393336315F6765B3
:10FB0000745F74785F617474656E756174696F6E2B
:10FB1000006164393336315F7365745F74785F6C8C
:10FB20006F5F696E745F6578740061643933363174
:10FB30005F646F5F6D6373006164393336315F6496
:10FB400069675F696E746572666163655F74696D2C
:10FB5000696E675F616E616C7973697300616439A6
:10FB60003336315F6469675F74756E65000000004D
:10FB700040787D01005A62020080A9033EDDDDDD90
:10FB8000DDDCBBBBDDDDDDDDDDDDDDDDDD988888D9
:10FB900088888888887777777777888888855555A3
:10FBA0005666666666666666666668888883333308
:10FBB0003222222222222222222228888D000000A4
:10FBC00025733A20496E76616C69643A20726174DB
:10FBD000696F204144432F32202F2054585F5341F6
:10FBE0004D504C202A203136203E2054415053287D
:10FBF0006D61782025752C206164632025752C208B
:10FC0000747820257529000025733A204661696CB7
:10FC10006564202D206174206C65617374206F6EA3
:10FC200065206F662074686520636C6F636B20725B
:10FC300061746573206D75737420626520657175DC
:10FC4000616C20746F2074686520444154415F43A7
:10FC50004C4B20286C766473292072617465000017
:10FC6000325F43485F44455600000000345F43481C
:10FC70005F44455600000000536574732074686546
:10FC80002054583120617474656E756174696F6EAB
:10FC9000205B6D64425D2E0047657473206375724E
:10FCA00072656E742054583120617474656E75618C
:10FCB00074696F6E205B6D64425D2E0053657473D2
:10FCC000207468652054583220617474656E7561C3
:10FCD00074696F6E205B6D64425D2E0047657473BE
:10FCE0002063757272656E7420545832206174748A
:10FCF000656E756174696F6E205B6D64425D2E0088
:10FD000053657473207468652044445320545831FB
:10FD100020546F6E652031207068617365205B64CC
:10FD20006567726565735D2E00000000476574733A
:10FD30002063757272656E742044445320545831A8
:10FD400020546F6E652031207068617365205B649C
:10FD50006567726565735D2E0000000053657473FE
:10FD600020746865204444532054583220546F6EE8
:10FD7000652031207068617365205B64656772651A
:10FD800065735D2E00000000476574732063757213
:10FD900072656E74204444532054583220546F6E60
:10FDA000652031207068617365205B6465677265EA
:10FDB00065735D2E000000005365747320746865E0
:10FDC000204444532054583120546F6E6520322013
:10FDD0007068617365205B646567726565735D2E2D
:10FDE00000000000476574732063757272656E745D
:10FDF000204444532054583120546F6E65203220E3
:10FE00007068617365205B646567726565735D2EFC
:10FE100000000000536574732074686520444453E7
:10FE20002054583220546F6E652032207068617300
:10FE300065205B646567726565735D2E0000000078
:10FE4000476574732063757272656E742044445301
:10FE50002054583220546F6E6520322070686173D0
:10FE600065205B646567726565735D2E0000000048
:10FE70005365747320746865205258204C4F206677
:10FE800072657175656E6379205B4D487A5D2E00F1
:10FE9000476574732063757272656E7420525820C2
:10FEA0004C4F206672657175656E6379205B4D48B5
:10FEB0007A5D2E0053657473207468652054582051
:10FEC0004C4F206672657175656E6379205B4D4895
:10FED0007A5D2E00476574732063757272656E7467
:10FEE000205458204C4F206672657175656E637999
:10FEF000205B4D487A5D2E005365747320746865ED
:10FF00002052582052462062616E6477696474689A
:10FF1000205B487A5D2E000047657473206375721C
:10FF200072656E742052582052462062616E64776A
:10FF300069647468205B487A5D2E000053657473B1
:10FF4000207468652054582052462062616E6477A0
:10FF500069647468205B487A5D2E0000476574739D
:10FF60002063757272656E74205458205246206268
:10FF7000616E647769647468205B487A5D2E000066
:10FF80005365747320746865204444532054583179
:10FF900020546F6E652031206672657175656E63E1
:10FFA00079205B487A5D2E00476574732063757213
:10FFB00072656E74204444532054583120546F6E3F
:10FFC000652031206672657175656E6379205B48C6
:10FFD0007A5D2E0053657473207468652044445321
:10FFE0002054583220546F6E65203120667265713E
:10FFF00075656E6379205B487A5D2E004765747382
:020000040801F1
:100000002063757272656E742044445320545832D4
:1000100020546F6E652031206672657175656E6360
:1000200079205B487A5D2E0053657473207468658F
:10003000204444532054583120546F6E65203220A0
:100040006672657175656E6379205B487A5D2E0016
:10005000476574732063757272656E7420444453EF
:100060002054583120546F6E6520322066726571BD
:1000700075656E6379205B487A5D2E0053657473F5
:1000800020746865204444532054583220546F6EC5
:10009000652032206672657175656E6379205B48F4
:1000A0007A5D2E00476574732063757272656E7495
:1000B000204444532054583220546F6E652032201F
:1000C0006672657175656E6379205B487A5D2E0096
:1000D00053657473207468652052582073616D7085
:1000E0006C696E67206672657175656E6379205BF9
:1000F000487A5D2E000000004765747320637572B6
:1001000072656E742052582073616D706C696E67F1
:10011000206672657175656E6379205B487A5D2E25
:1001200000000000536574732074686520545820E3
:1001300073616D706C696E67206672657175656E4E
:100140006379205B487A5D2E000000004765747378
:100150002063757272656E742054582073616D70DF
:100160006C696E67206672657175656E6379205B78
:10017000487A5D2E00000000536574732074686532
:1001800020525831204743206D6F64652E000000D7
:10019000476574732063757272656E7420525831AE
:1001A000204743206D6F64652E0000005365747313
:1001B0002074686520525832204743206D6F646573
:1001C0002E000000476574732063757272656E744B
:1001D00020525832204743206D6F64652E00000086
:1001E0005365747320746865204444532054583117
:1001F00020546F6E652031207363616C652E0000A2
:10020000476574732063757272656E74204444533D
:100210002054583120546F6E652031207363616C17
:10022000652E000053657473207468652044445340
:100230002054583220546F6E652031207363616CF6
:10024000652E0000476574732063757272656E7465
:10025000204444532054583220546F6E652031207E
:100260007363616C652E0000536574732074686558
:10027000204444532054583120546F6E652032205E
:100280007363616C652E000047657473206375723B
:1002900072656E74204444532054583120546F6E5C
:1002A000652032207363616C652E000053657473A2
:1002B00020746865204444532054583220546F6E93
:1002C000652032207363616C652E0000476574738E
:1002D0002063757272656E74204444532054583202
:1002E00020546F6E652032207363616C652E0000B0
:1002F0005365742066616E20656E61626C652E00C8
:1003000047657420426F6172642054656D70657238
:1003100061747572652E000053657473207468658E
:10032000205258204649522073746174652E000093
:10033000476574732063757272656E74205258201D
:100340004649522073746174652E000053657473BE
:100350002074686520545820464952207374617493
:10036000652E0000476574732063757272656E7444
:10037000205458204649522073746174652E000041
:100380004765747320746865207370656369666976
:1003900065642072656769737465722076616C7537
:1003A000652E000043616C696272617465204C6F58
:1003B000204672657120646966662E004765742068
:1003C0004C6F204672657120646966662E000000DD
:1003D000536574732074686520525831205246204A
:1003E0006761696E2E000000476574732063757243
:1003F00072656E7420525831205246206761696ED2
:100400002E000000536574732074686520525832C2
:10041000205246206761696E2E00000047657473A4
:100420002063757272656E742052583220524620D5
:100430006761696E2E000000446973706C617973A6
:1004400020616C6C20617661696C61626C6520630F
:100450006F6D6D616E64732E000000004465637201
:1004600065617365205258204C4F20667265717526
:10047000656E63792E000000496E63726561736575
:10048000205258204C4F206672657175656E6379F5
:100490002E0000007278315F67635F6D6F64653DA9
:1004A000000000007278325F67635F6D6F64653DC6
:1004B000000000006464735F7478315F746F6E6570
:1004C000315F7363616C653D000000006464735FBD
:1004D0007478325F746F6E65315F7363616C653D14
:1004E000000000006464735F7478315F746F6E6540
:1004F000325F7363616C653D000000006464735F8C
:100500007478325F746F6E65325F7363616C653DE2
:10051000000000006464735F7478315F746F6E650F
:10052000315F70686173653D000000006464735F53
:100530007478325F746F6E65315F70686173653DAA
:10054000000000006464735F7478315F746F6E65DF
:10055000325F70686173653D000000006464735F22
:100560007478325F746F6E65325F70686173653D79
:100570000000000071756572795F6C65645F73746B
:100580006174653D0000000072785F72665F6261B1
:100590006E6477696474683D0000000074785F726F
:1005A000665F62616E6477696474683D0000000094
:1005B00072785F6669725F656E3D000074785F6691
:1005C00069725F656E3D00007278315F72665F67C9
:1005D00061696E3D000000007278325F72665F678D
:1005E00061696E3D0000000063616C696272617454
:1005F000696F6E3D000000007478315F617474654E
:100600006E756174696F6E3D000000007478325F32
:10061000617474656E756174696F6E3D00000000F1
:1006200072785F6C6F5F646F776E3D0072785F6C9D
:100630006F5F75703D0000006464735F7478315FB4
:10064000746F6E65315F667265713D006464735FDF
:100650007478325F746F6E65315F667265713D00EC
:100660006464735F7478315F746F6E65325F667255
:1006700065713D006464735F7478325F746F6E659A
:10068000325F667265713D0072785F6C6F5F667293
:1006900065713D0074785F6C6F5F667265713D00D7
:1006A00072785F73616D705F667265713D00000006
:1006B00074785F73616D705F667265713D000000F4
:1006C00066616E5F73746174655F7365743D00008D
:1006D0007278315F67635F6D6F64653F0000000093
:1006E0007278325F67635F6D6F64653F0000000082
:1006F0006464735F7478315F746F6E65315F7363C8
:10070000616C653F000000006464735F7478325F61
:10071000746F6E65315F7363616C653F000000004C
:100720006464735F7478315F746F6E65325F736396
:10073000616C653F000000006464735F7478325F31
:10074000746F6E65325F7363616C653F000000001B
:100750006464735F7478315F746F6E65315F706865
:100760006173653F000000006464735F7478325FFA
:10077000746F6E65315F70686173653F00000000E3
:100780006464735F7478315F746F6E65325F706834
:100790006173653F000000006464735F7478325FCA
:1007A000746F6E65325F70686173653F00000000B2
:1007B00071756572795F6C65645F73746174653FB0
:1007C0000000000072785F72665F62616E64776934
:1007D0006474683F0000000074785F72665F626155
:1007E0006E6477696474683F0000000072785F6629
:1007F00069725F656E3F000074785F6669725F655D
:100800006E3F00007278315F72665F6761696E3FAC
:10081000000000007278325F72665F6761696E3F48
:100820000000000063616C6962726174696F6E3F01
:10083000000000007478315F617474656E756174D6
:10084000696F6E3F000000007478325F61747465F8
:100850006E756174696F6E3F0000000068656C70B2
:100860003F00000071756572795F74656D703F00BF
:100870006464735F7478315F746F6E65315F667244
:1008800065713F006464735F7478325F746F6E6586
:10089000315F667265713F006464735F7478315FC5
:1008A000746F6E65325F667265713F006464735F7A
:1008B0007478325F746F6E65325F667265713F0087
:1008C00072785F6C6F5F667265713F0074785F6C01
:1008D0006F5F667265713F0072785F73616D705F04
:1008E000667265713F00000074785F73616D705FC0
:1008F000667265713F0000007265676973746572A6
:100900003F0000000000000028090108000000204E
:10091000A8080000460D00081C0D0108A8080020CA
:1009200068160000D42D000812000112FF01A20079
:1009300001D0095A620200010101000120060506EA
:10094000052832317004B4C4042CB004180D8F088B
:10095000301400983A0000A60E000053070080A94A
:100960000300C0D40104011518300480A81204E16A
:100970006C12088743201778100602023A042F0FE2
:100980001112100803C002180F020270200A0A0296
:10099000000A040300E8037D200B0A010C010A028F
:1009A0000A0502121B614D1240B452040D52051883
:1009B000520A086110210C9203E421F662052842D4
:1009C000010852081861542148217862036C4601DD
:1009D00034F531011201150A000613E803CE01FFB8
:1009E0001C7201BD7158155B560F1456079F329645
:1009F000470312FF0F4357889097512C22FF9C15F5
:100A00003A25332537523004D2FF01E5EC8203AF9B
:100A1000101500FCFFFAFFDBFF2300BA005600E4CC
:100A2000FEC5FE6B00DB14104C0F012E02CDFE62E2
:100A3000FB9CFE92029D00CF007006160323F60772
:100A4000F6EC02610324FE990EA01901F275C6624C
:100A5000EBE339E33962EB75C601F2A019990E2474
:100A6000FE6103EC0207F623F616037006CF009D25
:100A70000092029C461012CDFE2E020F01FCFFDBFD
:100A8000006B00C5FEE4FE566E10042300DB7A0006
:100A9000047DFCFF0001021D4020290816FA4505CF
:100AA000FF2C05212C298F62102D2C0824F4006CBA
:100AB000FC00084D041260080615028010125C0844
:100AC0000108380401080409010845C20008F810AB
:100AD0004380031012C51012CC103004D4FE002045
:100AE000500A01C5000894060108B41010068DDCF8
:100AF0000008E830434C013012712012B02052241B
:100B000010400B21DD0008D80701085CFF301241BE
:100B10002050069C0501083C1012F5401234604339
:100B200098FC501375C48011205278101006ADDB6C
:100B30000008488052DC1012A520120C8052BC2004
:100B400012F92012F8605264B012D54012BC405223
:100B50004CC01245A012C0605290B01006D5C30020
:100B60000888C052701013A9D8A0116053F8003043
:100B7000114012A06052D01010065DD90008C4C008
:100B80005218C01215201288A056F8001211201613
:100B9000D01056900016F13016944C56781010066E
:100BA00041D70008E05056C420124D8012A42052B4
:100BB000AC3012D12012048052E8B012212012C8A9
:100BC0006056D0801289401614A0561CA0127D20B9
:100BD00016D8405604B01219C016EC605630B01248
:100BE000A94016B0605218401261E01670C056A8B5
:100BF0007010066DC0000838B052801014064DD138
:100C0000000898F05250F012ED2016602052281083
:100C100010068DD200085060472CFD8012954012BE
:100C2000148052001012A94016808052E420100651
:100C300015C1000844C052B82012E9401AF0105BF8
:100C4000000250116016B40056E0201229601220F4
:100C50004052882012454016E4405268301406691C
:100C6000D3000884A062FCC01120164CA05AD440C6
:100C700012CD2012ACE062A4C011401274E0567C88
:100C8000D020060DD50008686061C011A01A2C6044
:100C9000525CD01729D40019A05A40D01615C0169E
:100CA0005C405A14E01269401A08C06244C011A0A6
:100CB00012CCA05224D012A94016380052CC2024C5
:100CC00006E5BE0008FCE0511012E9801E24400336
:100CD00056BCA01E91600316E8205AA4B013CDB3F1
:100CE0009011B05678E017B1D01019A0565CE01200
:100CF000111083B007101361CBE082051012811030
:100D00001A64205E00000312F92016C02052F0A0E1
:0C0D10001781BF60D1010E1100490700DF
:040000050800019955
:00000001FF
